session,run_used,frame,region_id,area_px,ade,status,ground_truth,labels_md5,annotated_utc
20260730_161223,material_map_sam_v2,20250906_233144_R,0,15805,,mixed,,0f4ef4b347b474674184818dab3cb238,2026-08-28T16:53:06Z
20260730_161223,material_map_sam_v2,20250906_233144_R,1,414708,,labeled,rubber,0f4ef4b347b474674184818dab3cb238,2026-08-28T16:53:10Z
20260730_161223,material_map_sam_v2,20250906_233144_R,2,72521,,mixed,,0f4ef4b347b474674184818dab3cb238,2026-08-28T16:53:19Z
20260730_161223,material_map_sam_v2,20250906_233144_R,3,129907,,labeled,paint,0f4ef4b347b474674184818dab3cb238,2026-08-28T16:53:23Z
20260730_161223,material_map_sam_v2,20250906_233144_R,4,41015,,labeled,painted_metal,0f4ef4b347b474674184818dab3cb238,2026-08-28T16:53:29Z
20260730_161223,material_map_sam_v2,20250906_233144_R,5,37676,,labeled,painted_metal,0f4ef4b347b474674184818dab3cb238,2026-08-28T16:53:30Z
20260730_161223,material_map_sam_v2,20250906_233144_R,6,24705,,labeled,paint,0f4ef4b347b474674184818dab3cb238,2026-08-28T16:53:31Z
20260730_161223,material_map_sam_v2,20250906_233144_R,7,3450,,mixed,,0f4ef4b347b474674184818dab3cb238,2026-08-28T16:53:35Z
20260730_161223,material_map_sam_v2,20250906_233144_R,8,28853,,labeled,paint,0f4ef4b347b474674184818dab3cb238,2026-08-28T16:53:37Z
20260730_161223,material_map_sam_v2,20250906_233144_R,9,10639,,labeled,glass,0f4ef4b347b474674184818dab3cb238,2026-08-28T16:53:40Z
20260730_161223,material_map_sam_v2,20250906_233144_R,10,8736,,labeled,glass,0f4ef4b347b474674184818dab3cb238,2026-08-28T16:53:41Z
20260730_161223,material_map_sam_v2,20250906_233144_R,11,24205,,labeled,paint,0f4ef4b347b474674184818dab3cb238,2026-08-28T16:53:42Z
20260730_161223,material_map_sam_v2,20250906_233144_R,12,15668,,labeled,glass,0f4ef4b347b474674184818dab3cb238,2026-08-28T16:53:43Z
20260730_161223,material_map_sam_v2,20250906_233144_R,13,10606,,labeled,painted_metal,0f4ef4b347b474674184818dab3cb238,2026-08-28T16:53:46Z
20260730_161223,material_map_sam_v2,20250906_233144_R,14,10153,,labeled,painted_metal,0f4ef4b347b474674184818dab3cb238,2026-08-28T16:53:47Z
20260730_161223,material_map_sam_v2,20250906_233144_R,15,8901,,unclear,,0f4ef4b347b474674184818dab3cb238,2026-08-28T16:53:50Z
20260730_161223,material_map_sam_v2,20250906_233144_R,16,7008,,labeled,glass,0f4ef4b347b474674184818dab3cb238,2026-08-28T16:53:52Z
20260730_161223,material_map_sam_v2,20250906_233144_R,17,6860,,labeled,paint,0f4ef4b347b474674184818dab3cb238,2026-08-28T16:53:53Z
20260730_161223,material_map_sam_v2,20250906_233144_R,18,5733,,labeled,painted_metal,0f4ef4b347b474674184818dab3cb238,2026-08-28T16:53:55Z
20260730_161223,material_map_sam_v2,20250906_233144_R,19,5310,,labeled,glass,0f4ef4b347b474674184818dab3cb238,2026-08-28T16:53:58Z
20260730_161223,material_map_sam_v2,20250906_233144_R,20,5081,,labeled,painted_metal,0f4ef4b347b474674184818dab3cb238,2026-08-28T16:54:00Z
20260730_161223,material_map_sam_v2,20250906_233144_R,21,4713,,mixed,,0f4ef4b347b474674184818dab3cb238,2026-08-28T16:54:04Z
20260730_161223,material_map_sam_v2,20250906_233144_R,22,4550,,labeled,painted_metal,0f4ef4b347b474674184818dab3cb238,2026-08-28T16:54:06Z
20260730_161223,material_map_sam_v2,20250906_233144_R,23,4218,,labeled,glass,0f4ef4b347b474674184818dab3cb238,2026-08-28T16:54:10Z
20260730_161223,material_map_sam_v2,20250906_233144_R,24,3893,,labeled,glass,0f4ef4b347b474674184818dab3cb238,2026-08-28T16:54:11Z
20260730_161223,material_map_sam_v2,20250906_233144_R,25,3893,,labeled,painted_metal,0f4ef4b347b474674184818dab3cb238,2026-08-28T16:54:12Z
20260730_161223,material_map_sam_v2,20250906_233144_R,26,3385,,labeled,painted_metal,0f4ef4b347b474674184818dab3cb238,2026-08-28T16:54:13Z
20260730_161223,material_map_sam_v2,20250906_233144_R,27,2660,,labeled,painted_metal,0f4ef4b347b474674184818dab3cb238,2026-08-28T16:54:14Z
20260730_161223,material_map_sam_v2,20250906_233144_R,28,1001,,labeled,paint,0f4ef4b347b474674184818dab3cb238,2026-08-28T16:54:16Z
20260730_161223,material_map_sam_v2,20250906_233144_R,29,2332,,labeled,painted_metal,0f4ef4b347b474674184818dab3cb238,2026-08-28T16:54:17Z
20260730_161223,material_map_sam_v2,20250906_233144_R,30,2150,,labeled,paint,0f4ef4b347b474674184818dab3cb238,2026-08-28T16:54:21Z
20260730_161223,material_map_sam_v2,20250906_233144_R,31,2180,,labeled,paint,0f4ef4b347b474674184818dab3cb238,2026-08-28T16:54:22Z
20260730_161223,material_map_sam_v2,20250906_233144_R,32,2130,,labeled,paint,0f4ef4b347b474674184818dab3cb238,2026-08-28T16:54:23Z
20260730_161223,material_map_sam_v2,20250906_233144_R,33,1811,,mixed,,0f4ef4b347b474674184818dab3cb238,2026-08-28T16:54:26Z
20260730_161223,material_map_sam_v2,20250906_233144_R,34,3837,,mixed,,0f4ef4b347b474674184818dab3cb238,2026-08-28T16:54:27Z
20260730_161223,material_map_sam_v2,20250906_233144_R,35,1715,,labeled,glass,0f4ef4b347b474674184818dab3cb238,2026-08-28T16:54:36Z
20260730_161223,material_map_sam_v2,20250906_233149_R,0,14684,,mixed,,878f445f18b6cf8c63e3c31c0626cd34,2026-08-28T16:54:38Z
20260730_161223,material_map_sam_v2,20250906_233149_R,1,414453,,labeled,rubber,878f445f18b6cf8c63e3c31c0626cd34,2026-08-28T16:54:41Z
20260730_161223,material_map_sam_v2,20250906_233149_R,2,69415,,labeled,paint,878f445f18b6cf8c63e3c31c0626cd34,2026-08-28T16:54:42Z
20260730_161223,material_map_sam_v2,20250906_233149_R,3,127145,,labeled,paint,878f445f18b6cf8c63e3c31c0626cd34,2026-08-28T16:54:42Z
20260730_161223,material_map_sam_v2,20250906_233149_R,4,40997,,labeled,painted_metal,878f445f18b6cf8c63e3c31c0626cd34,2026-08-28T16:54:44Z
20260730_161223,material_map_sam_v2,20250906_233149_R,5,37358,,labeled,painted_metal,878f445f18b6cf8c63e3c31c0626cd34,2026-08-28T16:54:44Z
20260730_161223,material_map_sam_v2,20250906_233149_R,6,12783,,labeled,glass,878f445f18b6cf8c63e3c31c0626cd34,2026-08-28T16:54:48Z
20260730_161223,material_map_sam_v2,20250906_233149_R,7,24605,,labeled,paint,878f445f18b6cf8c63e3c31c0626cd34,2026-08-28T16:54:49Z
20260730_161223,material_map_sam_v2,20250906_233149_R,8,3159,,mixed,,878f445f18b6cf8c63e3c31c0626cd34,2026-08-28T16:54:50Z
20260730_161223,material_map_sam_v2,20250906_233149_R,9,703,,mixed,,878f445f18b6cf8c63e3c31c0626cd34,2026-08-28T16:54:52Z
20260730_161223,material_map_sam_v2,20250906_233149_R,10,20132,,labeled,paint,878f445f18b6cf8c63e3c31c0626cd34,2026-08-28T16:54:53Z
20260730_161223,material_map_sam_v2,20250906_233149_R,11,24442,,labeled,paint,878f445f18b6cf8c63e3c31c0626cd34,2026-08-28T16:54:53Z
20260730_161223,material_map_sam_v2,20250906_233149_R,12,12675,,mixed,,878f445f18b6cf8c63e3c31c0626cd34,2026-08-28T16:54:55Z
20260730_161223,material_map_sam_v2,20250906_233149_R,13,12840,,labeled,glass,878f445f18b6cf8c63e3c31c0626cd34,2026-08-28T16:54:58Z
20260730_161223,material_map_sam_v2,20250906_233149_R,14,10430,,labeled,painted_metal,878f445f18b6cf8c63e3c31c0626cd34,2026-08-28T16:54:59Z
20260730_161223,material_map_sam_v2,20250906_233149_R,15,8260,,labeled,paint,878f445f18b6cf8c63e3c31c0626cd34,2026-08-28T16:55:00Z
20260730_161223,material_map_sam_v2,20250906_233149_R,16,9750,,labeled,painted_metal,878f445f18b6cf8c63e3c31c0626cd34,2026-08-28T16:55:04Z
20260730_161223,material_map_sam_v2,20250906_233149_R,17,8784,,labeled,glass,878f445f18b6cf8c63e3c31c0626cd34,2026-08-28T16:55:53Z
20260730_161223,material_map_sam_v2,20250906_233149_R,18,7609,,labeled,glass,878f445f18b6cf8c63e3c31c0626cd34,2026-08-28T16:56:02Z
20260730_161223,material_map_sam_v2,20250906_233149_R,19,2379,,mixed,,878f445f18b6cf8c63e3c31c0626cd34,2026-08-28T16:56:04Z
20260730_161223,material_map_sam_v2,20250906_233149_R,20,7138,,labeled,paint,878f445f18b6cf8c63e3c31c0626cd34,2026-08-28T16:56:05Z
20260730_161223,material_map_sam_v2,20250906_233149_R,21,7357,,labeled,paint,878f445f18b6cf8c63e3c31c0626cd34,2026-08-28T16:56:06Z
20260730_161223,material_map_sam_v2,20250906_233149_R,22,5901,,labeled,painted_metal,878f445f18b6cf8c63e3c31c0626cd34,2026-08-28T16:56:08Z
20260730_161223,material_map_sam_v2,20250906_233149_R,23,5240,,labeled,glass,878f445f18b6cf8c63e3c31c0626cd34,2026-08-28T16:56:09Z
20260730_161223,material_map_sam_v2,20250906_233149_R,24,5120,,labeled,painted_metal,878f445f18b6cf8c63e3c31c0626cd34,2026-08-28T16:56:10Z
20260730_161223,material_map_sam_v2,20250906_233149_R,25,4755,,labeled,glass,878f445f18b6cf8c63e3c31c0626cd34,2026-08-28T16:56:11Z
20260730_161223,material_map_sam_v2,20250906_233149_R,26,4695,,labeled,painted_metal,878f445f18b6cf8c63e3c31c0626cd34,2026-08-28T16:56:12Z
20260730_161223,material_map_sam_v2,20250906_233149_R,27,3883,,labeled,glass,878f445f18b6cf8c63e3c31c0626cd34,2026-08-28T16:56:13Z
20260730_161223,material_map_sam_v2,20250906_233149_R,28,3744,,labeled,glass,878f445f18b6cf8c63e3c31c0626cd34,2026-08-28T16:56:17Z
20260730_161223,material_map_sam_v2,20250906_233149_R,29,4082,,labeled,painted_metal,878f445f18b6cf8c63e3c31c0626cd34,2026-08-28T16:56:18Z
20260730_161223,material_map_sam_v2,20250906_233149_R,30,2604,,labeled,painted_metal,878f445f18b6cf8c63e3c31c0626cd34,2026-08-28T16:56:19Z
20260730_161223,material_map_sam_v2,20250906_233149_R,31,2635,,labeled,paint,878f445f18b6cf8c63e3c31c0626cd34,2026-08-28T16:56:20Z
20260730_161223,material_map_sam_v2,20250906_233149_R,32,2414,,labeled,painted_metal,878f445f18b6cf8c63e3c31c0626cd34,2026-08-28T16:56:21Z
20260730_161223,material_map_sam_v2,20250906_233149_R,33,2275,,labeled,paint,878f445f18b6cf8c63e3c31c0626cd34,2026-08-28T16:56:22Z
20260730_161223,material_map_sam_v2,20250906_233149_R,34,2220,,labeled,painted_metal,878f445f18b6cf8c63e3c31c0626cd34,2026-08-28T16:56:22Z
20260730_161223,material_map_sam_v2,20250906_233149_R,35,1687,,mixed,,878f445f18b6cf8c63e3c31c0626cd34,2026-08-28T16:56:26Z
20260730_161223,material_map_sam_v2,20250906_233149_R,36,3655,,mixed,,878f445f18b6cf8c63e3c31c0626cd34,2026-08-28T16:56:28Z
20260730_161223,material_map_sam_v2,20250906_233154_R,0,9839,,mixed,,23053555deca5feafe8fb3b89c75c50a,2026-08-28T16:56:30Z
20260730_161223,material_map_sam_v2,20250906_233154_R,1,213031,,labeled,paint,23053555deca5feafe8fb3b89c75c50a,2026-08-28T16:56:31Z
20260730_161223,material_map_sam_v2,20250906_233154_R,2,324596,,labeled,rubber,23053555deca5feafe8fb3b89c75c50a,2026-08-28T16:56:33Z
20260730_161223,material_map_sam_v2,20250906_233154_R,3,96577,,labeled,rubber,23053555deca5feafe8fb3b89c75c50a,2026-08-28T16:56:36Z
20260730_161223,material_map_sam_v2,20250906_233154_R,4,36813,,labeled,paint,23053555deca5feafe8fb3b89c75c50a,2026-08-28T16:56:39Z
20260730_161223,material_map_sam_v2,20250906_233154_R,5,36374,,labeled,paint,23053555deca5feafe8fb3b89c75c50a,2026-08-28T16:56:40Z
20260730_161223,material_map_sam_v2,20250906_233154_R,6,19956,,labeled,glass,23053555deca5feafe8fb3b89c75c50a,2026-08-28T16:56:44Z
20260730_161223,material_map_sam_v2,20250906_233154_R,7,19887,,labeled,painted_metal,23053555deca5feafe8fb3b89c75c50a,2026-08-28T16:56:45Z
20260730_161223,material_map_sam_v2,20250906_233154_R,8,24655,,labeled,glass,23053555deca5feafe8fb3b89c75c50a,2026-08-28T16:56:46Z
20260730_161223,material_map_sam_v2,20250906_233154_R,9,22934,,labeled,painted_metal,23053555deca5feafe8fb3b89c75c50a,2026-08-28T16:56:47Z
20260730_161223,material_map_sam_v2,20250906_233154_R,10,14562,,labeled,painted_metal,23053555deca5feafe8fb3b89c75c50a,2026-08-28T16:56:48Z
20260730_161223,material_map_sam_v2,20250906_233154_R,11,11293,,labeled,painted_metal,23053555deca5feafe8fb3b89c75c50a,2026-08-28T16:56:49Z
20260730_161223,material_map_sam_v2,20250906_233154_R,12,10434,,labeled,glass,23053555deca5feafe8fb3b89c75c50a,2026-08-28T16:56:50Z
20260730_161223,material_map_sam_v2,20250906_233154_R,13,138,,labeled,painted_metal,23053555deca5feafe8fb3b89c75c50a,2026-08-28T16:56:51Z
20260730_161223,material_map_sam_v2,20250906_233154_R,14,8839,,labeled,glass,23053555deca5feafe8fb3b89c75c50a,2026-08-28T16:56:54Z
20260730_161223,material_map_sam_v2,20250906_233154_R,15,4675,,labeled,painted_metal,23053555deca5feafe8fb3b89c75c50a,2026-08-28T16:56:55Z
20260730_161223,material_map_sam_v2,20250906_233154_R,16,7066,,labeled,glass,23053555deca5feafe8fb3b89c75c50a,2026-08-28T16:57:02Z
20260730_161223,material_map_sam_v2,20250906_233154_R,17,6913,,labeled,painted_metal,23053555deca5feafe8fb3b89c75c50a,2026-08-28T16:57:07Z
20260730_161223,material_map_sam_v2,20250906_233154_R,18,6330,,labeled,paint,23053555deca5feafe8fb3b89c75c50a,2026-08-28T16:57:08Z
20260730_161223,material_map_sam_v2,20250906_233154_R,19,6130,,labeled,paint,23053555deca5feafe8fb3b89c75c50a,2026-08-28T16:57:17Z
20260730_161223,material_map_sam_v2,20250906_233154_R,20,5930,,labeled,paint,23053555deca5feafe8fb3b89c75c50a,2026-08-28T16:57:18Z
20260730_161223,material_map_sam_v2,20250906_233154_R,21,5586,,labeled,painted_metal,23053555deca5feafe8fb3b89c75c50a,2026-08-28T16:57:19Z
20260730_161223,material_map_sam_v2,20250906_233154_R,22,5402,,labeled,painted_metal,23053555deca5feafe8fb3b89c75c50a,2026-08-28T16:57:21Z
20260730_161223,material_map_sam_v2,20250906_233154_R,23,5079,,labeled,glass,23053555deca5feafe8fb3b89c75c50a,2026-08-28T16:57:28Z
20260730_161223,material_map_sam_v2,20250906_233154_R,24,4798,,labeled,glass,23053555deca5feafe8fb3b89c75c50a,2026-08-28T16:57:30Z
20260730_161223,material_map_sam_v2,20250906_233154_R,25,4685,,labeled,painted_metal,23053555deca5feafe8fb3b89c75c50a,2026-08-28T16:57:30Z
20260730_161223,material_map_sam_v2,20250906_233154_R,26,4513,,labeled,glass,23053555deca5feafe8fb3b89c75c50a,2026-08-28T16:57:31Z
20260730_161223,material_map_sam_v2,20250906_233154_R,27,4177,,labeled,glass,23053555deca5feafe8fb3b89c75c50a,2026-08-28T16:57:33Z
20260730_161223,material_map_sam_v2,20250906_233154_R,28,3052,,labeled,rubber,23053555deca5feafe8fb3b89c75c50a,2026-08-28T16:57:36Z
20260730_161223,material_map_sam_v2,20250906_233154_R,29,2923,,labeled,paint,23053555deca5feafe8fb3b89c75c50a,2026-08-28T16:57:37Z
20260730_161223,material_map_sam_v2,20250906_233154_R,30,2751,,labeled,painted_metal,23053555deca5feafe8fb3b89c75c50a,2026-08-28T16:57:38Z
20260730_161223,material_map_sam_v2,20250906_233154_R,31,2070,,labeled,painted_metal,23053555deca5feafe8fb3b89c75c50a,2026-08-28T16:57:40Z
20260730_161223,material_map_sam_v2,20250906_233159_R,0,11152,,mixed,,72c20bdcebe7e053e0548ef9021c2148,2026-08-28T16:57:43Z
20260730_161223,material_map_sam_v2,20250906_233159_R,1,50519,,labeled,paint,72c20bdcebe7e053e0548ef9021c2148,2026-08-28T16:57:45Z
20260730_161223,material_map_sam_v2,20250906_233159_R,2,413462,,labeled,rubber,72c20bdcebe7e053e0548ef9021c2148,2026-08-28T16:57:47Z
20260730_161223,material_map_sam_v2,20250906_233159_R,3,82464,,labeled,paint,72c20bdcebe7e053e0548ef9021c2148,2026-08-28T16:57:49Z
20260730_161223,material_map_sam_v2,20250906_233159_R,4,1805,,mixed,,72c20bdcebe7e053e0548ef9021c2148,2026-08-28T16:57:51Z
20260730_161223,material_map_sam_v2,20250906_233159_R,5,26263,,mixed,,72c20bdcebe7e053e0548ef9021c2148,2026-08-28T16:57:52Z
20260730_161223,material_map_sam_v2,20250906_233159_R,6,33144,,labeled,paint,72c20bdcebe7e053e0548ef9021c2148,2026-08-28T16:57:53Z
20260730_161223,material_map_sam_v2,20250906_233159_R,7,15223,,labeled,painted_metal,72c20bdcebe7e053e0548ef9021c2148,2026-08-28T16:57:55Z
20260730_161223,material_map_sam_v2,20250906_233159_R,8,44228,,labeled,paint,72c20bdcebe7e053e0548ef9021c2148,2026-08-28T16:58:02Z
20260730_161223,material_map_sam_v2,20250906_233159_R,9,32918,,labeled,painted_metal,72c20bdcebe7e053e0548ef9021c2148,2026-08-28T16:58:03Z
20260730_161223,material_map_sam_v2,20250906_233159_R,10,29622,,labeled,paint,72c20bdcebe7e053e0548ef9021c2148,2026-08-28T16:58:04Z
20260730_161223,material_map_sam_v2,20250906_233159_R,11,8020,,labeled,painted_metal,72c20bdcebe7e053e0548ef9021c2148,2026-08-28T16:58:08Z
20260730_161223,material_map_sam_v2,20250906_233159_R,12,12023,,labeled,paint,72c20bdcebe7e053e0548ef9021c2148,2026-08-28T16:58:08Z
20260730_161223,material_map_sam_v2,20250906_233159_R,13,10176,,labeled,painted_metal,72c20bdcebe7e053e0548ef9021c2148,2026-08-28T16:58:09Z
20260730_161223,material_map_sam_v2,20250906_233159_R,14,7797,,labeled,glass,72c20bdcebe7e053e0548ef9021c2148,2026-08-28T16:58:11Z
20260730_161223,material_map_sam_v2,20250906_233159_R,15,11079,,labeled,glass,72c20bdcebe7e053e0548ef9021c2148,2026-08-28T16:58:13Z
20260730_161223,material_map_sam_v2,20250906_233159_R,16,8178,,labeled,painted_metal,72c20bdcebe7e053e0548ef9021c2148,2026-08-28T16:58:15Z
20260730_161223,material_map_sam_v2,20250906_233159_R,17,9971,,labeled,glass,72c20bdcebe7e053e0548ef9021c2148,2026-08-28T16:58:16Z
20260730_161223,material_map_sam_v2,20250906_233159_R,18,9501,,labeled,glass,72c20bdcebe7e053e0548ef9021c2148,2026-08-28T16:58:17Z
20260730_161223,material_map_sam_v2,20250906_233159_R,19,9354,,labeled,glass,72c20bdcebe7e053e0548ef9021c2148,2026-08-28T16:58:17Z
20260730_161223,material_map_sam_v2,20250906_233159_R,20,8810,,labeled,paint,72c20bdcebe7e053e0548ef9021c2148,2026-08-28T16:58:20Z
20260730_161223,material_map_sam_v2,20250906_233159_R,21,8272,,labeled,painted_metal,72c20bdcebe7e053e0548ef9021c2148,2026-08-28T16:58:23Z
20260730_161223,material_map_sam_v2,20250906_233159_R,22,7867,,labeled,glass,72c20bdcebe7e053e0548ef9021c2148,2026-08-28T16:58:31Z
20260730_161223,material_map_sam_v2,20250906_233159_R,23,7631,,labeled,glass,72c20bdcebe7e053e0548ef9021c2148,2026-08-28T16:58:33Z
20260730_161223,material_map_sam_v2,20250906_233159_R,24,7383,,labeled,painted_metal,72c20bdcebe7e053e0548ef9021c2148,2026-08-28T16:58:34Z
20260730_161223,material_map_sam_v2,20250906_233159_R,25,7408,,labeled,painted_metal,72c20bdcebe7e053e0548ef9021c2148,2026-08-28T16:58:35Z
20260730_161223,material_map_sam_v2,20250906_233159_R,26,1852,,labeled,paint,72c20bdcebe7e053e0548ef9021c2148,2026-08-28T16:58:36Z
20260730_161223,material_map_sam_v2,20250906_233159_R,27,6182,,mixed,,72c20bdcebe7e053e0548ef9021c2148,2026-08-28T16:58:40Z
20260730_161223,material_map_sam_v2,20250906_233159_R,28,6049,,labeled,painted_metal,72c20bdcebe7e053e0548ef9021c2148,2026-08-28T16:58:41Z
20260730_161223,material_map_sam_v2,20250906_233159_R,29,5999,,labeled,paint,72c20bdcebe7e053e0548ef9021c2148,2026-08-28T16:58:42Z
20260730_161223,material_map_sam_v2,20250906_233159_R,30,5707,,labeled,painted_metal,72c20bdcebe7e053e0548ef9021c2148,2026-08-28T16:58:44Z
20260730_161223,material_map_sam_v2,20250906_233159_R,31,4708,,labeled,paint,72c20bdcebe7e053e0548ef9021c2148,2026-08-28T16:58:45Z
20260730_161223,material_map_sam_v2,20250906_233159_R,32,4871,,labeled,rubber,72c20bdcebe7e053e0548ef9021c2148,2026-08-28T16:58:49Z
20260730_161223,material_map_sam_v2,20250906_233159_R,33,3635,,labeled,paint,72c20bdcebe7e053e0548ef9021c2148,2026-08-28T16:58:57Z
20260730_161223,material_map_sam_v2,20250906_233159_R,34,3475,,labeled,glass,72c20bdcebe7e053e0548ef9021c2148,2026-08-28T16:58:58Z
20260730_161223,material_map_sam_v2,20250906_233159_R,35,3013,,labeled,glass,72c20bdcebe7e053e0548ef9021c2148,2026-08-28T16:58:59Z
20260730_161223,material_map_sam_v2,20250906_233159_R,36,2785,,labeled,glass,72c20bdcebe7e053e0548ef9021c2148,2026-08-28T16:59:00Z
20260730_161223,material_map_sam_v2,20250906_233159_R,37,2660,,labeled,painted_metal,72c20bdcebe7e053e0548ef9021c2148,2026-08-28T16:59:02Z
20260730_161223,material_map_sam_v2,20250906_233159_R,38,2698,,labeled,painted_metal,72c20bdcebe7e053e0548ef9021c2148,2026-08-28T16:59:05Z
20260730_161223,material_map_sam_v2,20250906_233159_R,39,2074,,labeled,paint,72c20bdcebe7e053e0548ef9021c2148,2026-08-28T16:59:05Z
20260730_161223,material_map_sam_v2,20250906_233159_R,40,2030,,labeled,painted_metal,72c20bdcebe7e053e0548ef9021c2148,2026-08-28T16:59:08Z
20260730_161223,material_map_sam_v2,20250906_233204_R,0,9250,,mixed,,65bc2940961fe127aaa22efcc65806f1,2026-08-28T16:59:10Z
20260730_161223,material_map_sam_v2,20250906_233204_R,1,48859,,mixed,,65bc2940961fe127aaa22efcc65806f1,2026-08-28T16:59:11Z
20260730_161223,material_map_sam_v2,20250906_233204_R,2,427197,,labeled,rubber,65bc2940961fe127aaa22efcc65806f1,2026-08-28T16:59:13Z
20260730_161223,material_map_sam_v2,20250906_233204_R,3,155564,,labeled,paint,65bc2940961fe127aaa22efcc65806f1,2026-08-28T16:59:15Z
20260730_161223,material_map_sam_v2,20250906_233204_R,4,28028,,labeled,glass,65bc2940961fe127aaa22efcc65806f1,2026-08-28T16:59:18Z
20260730_161223,material_map_sam_v2,20250906_233204_R,5,58303,,labeled,paint,65bc2940961fe127aaa22efcc65806f1,2026-08-28T16:59:19Z
20260730_161223,material_map_sam_v2,20250906_233204_R,6,23879,,labeled,paint,65bc2940961fe127aaa22efcc65806f1,2026-08-28T16:59:20Z
20260730_161223,material_map_sam_v2,20250906_233204_R,7,19408,,labeled,painted_metal,65bc2940961fe127aaa22efcc65806f1,2026-08-28T16:59:22Z
20260730_161223,material_map_sam_v2,20250906_233204_R,8,1226,,labeled,painted_metal,65bc2940961fe127aaa22efcc65806f1,2026-08-28T16:59:22Z
20260730_161223,material_map_sam_v2,20250906_233204_R,9,16930,,labeled,paint,65bc2940961fe127aaa22efcc65806f1,2026-08-28T16:59:23Z
20260730_161223,material_map_sam_v2,20250906_233204_R,10,13937,,mixed,,65bc2940961fe127aaa22efcc65806f1,2026-08-28T16:59:25Z
20260730_161223,material_map_sam_v2,20250906_233204_R,11,10777,,labeled,painted_metal,65bc2940961fe127aaa22efcc65806f1,2026-08-28T16:59:28Z
20260730_161223,material_map_sam_v2,20250906_233204_R,12,10386,,labeled,glass,65bc2940961fe127aaa22efcc65806f1,2026-08-28T16:59:31Z
20260730_161223,material_map_sam_v2,20250906_233204_R,13,8397,,labeled,glass,65bc2940961fe127aaa22efcc65806f1,2026-08-28T16:59:42Z
20260730_161223,material_map_sam_v2,20250906_233204_R,14,9842,,labeled,glass,65bc2940961fe127aaa22efcc65806f1,2026-08-28T16:59:44Z
20260730_161223,material_map_sam_v2,20250906_233204_R,15,9736,,labeled,glass,65bc2940961fe127aaa22efcc65806f1,2026-08-28T16:59:45Z
20260730_161223,material_map_sam_v2,20250906_233204_R,16,9497,,labeled,glass,65bc2940961fe127aaa22efcc65806f1,2026-08-28T16:59:46Z
20260730_161223,material_map_sam_v2,20250906_233204_R,17,8777,,labeled,paint,65bc2940961fe127aaa22efcc65806f1,2026-08-28T16:59:47Z
20260730_161223,material_map_sam_v2,20250906_233204_R,18,8468,,labeled,glass,65bc2940961fe127aaa22efcc65806f1,2026-08-28T16:59:48Z
20260730_161223,material_map_sam_v2,20250906_233204_R,19,8424,,labeled,glass,65bc2940961fe127aaa22efcc65806f1,2026-08-28T16:59:48Z
20260730_161223,material_map_sam_v2,20250906_233204_R,20,7133,,labeled,painted_metal,65bc2940961fe127aaa22efcc65806f1,2026-08-28T16:59:49Z
20260730_161223,material_map_sam_v2,20250906_233204_R,21,6915,,labeled,painted_metal,65bc2940961fe127aaa22efcc65806f1,2026-08-28T16:59:51Z
20260730_161223,material_map_sam_v2,20250906_233204_R,22,6712,,labeled,paint,65bc2940961fe127aaa22efcc65806f1,2026-08-28T16:59:52Z
20260730_161223,material_map_sam_v2,20250906_233204_R,23,5543,,labeled,rubber,65bc2940961fe127aaa22efcc65806f1,2026-08-28T16:59:54Z
20260730_161223,material_map_sam_v2,20250906_233204_R,24,5495,,labeled,painted_metal,65bc2940961fe127aaa22efcc65806f1,2026-08-28T17:00:09Z
20260730_161223,material_map_sam_v2,20250906_233204_R,25,3099,,labeled,painted_metal,65bc2940961fe127aaa22efcc65806f1,2026-08-28T17:00:10Z
20260730_161223,material_map_sam_v2,20250906_233204_R,26,3202,,labeled,painted_metal,65bc2940961fe127aaa22efcc65806f1,2026-08-28T17:00:11Z
20260730_161223,material_map_sam_v2,20250906_233204_R,27,2563,,labeled,glass,65bc2940961fe127aaa22efcc65806f1,2026-08-28T17:00:17Z
20260730_161223,material_map_sam_v2,20250906_233204_R,28,2476,,labeled,paint,65bc2940961fe127aaa22efcc65806f1,2026-08-28T17:00:18Z
20260730_161223,material_map_sam_v2,20250906_233204_R,29,1985,,labeled,painted_metal,65bc2940961fe127aaa22efcc65806f1,2026-08-28T17:00:19Z
20260730_161223,material_map_sam_v2,20250906_233209_R,0,7327,,mixed,,c92875466095fa299060c6d8de66c3c6,2026-08-28T17:00:22Z
20260730_161223,material_map_sam_v2,20250906_233209_R,1,419917,,labeled,rubber,c92875466095fa299060c6d8de66c3c6,2026-08-28T17:00:23Z
20260730_161223,material_map_sam_v2,20250906_233209_R,2,209374,,labeled,paint,c92875466095fa299060c6d8de66c3c6,2026-08-28T17:00:25Z
20260730_161223,material_map_sam_v2,20250906_233209_R,3,27197,,labeled,paint,c92875466095fa299060c6d8de66c3c6,2026-08-28T17:00:26Z
20260730_161223,material_map_sam_v2,20250906_233209_R,4,45112,,labeled,paint,c92875466095fa299060c6d8de66c3c6,2026-08-28T17:00:27Z
20260730_161223,material_map_sam_v2,20250906_233209_R,5,41311,,labeled,paint,c92875466095fa299060c6d8de66c3c6,2026-08-28T17:00:27Z
20260730_161223,material_map_sam_v2,20250906_233209_R,6,26008,,labeled,paint,c92875466095fa299060c6d8de66c3c6,2026-08-28T17:00:28Z
20260730_161223,material_map_sam_v2,20250906_233209_R,7,18862,,labeled,painted_metal,c92875466095fa299060c6d8de66c3c6,2026-08-28T17:00:29Z
20260730_161223,material_map_sam_v2,20250906_233209_R,8,19358,,labeled,painted_metal,c92875466095fa299060c6d8de66c3c6,2026-08-28T17:00:30Z
20260730_161223,material_map_sam_v2,20250906_233209_R,9,13609,,labeled,painted_metal,c92875466095fa299060c6d8de66c3c6,2026-08-28T17:00:32Z
20260730_161223,material_map_sam_v2,20250906_233209_R,10,14249,,labeled,glass,c92875466095fa299060c6d8de66c3c6,2026-08-28T17:00:33Z
20260730_161223,material_map_sam_v2,20250906_233209_R,11,11144,,labeled,painted_metal,c92875466095fa299060c6d8de66c3c6,2026-08-28T17:00:33Z
20260730_161223,material_map_sam_v2,20250906_233209_R,12,8473,,labeled,paint,c92875466095fa299060c6d8de66c3c6,2026-08-28T17:00:34Z
20260730_161223,material_map_sam_v2,20250906_233209_R,13,8534,,labeled,painted_metal,c92875466095fa299060c6d8de66c3c6,2026-08-28T17:00:35Z
20260730_161223,material_map_sam_v2,20250906_233209_R,14,7649,,labeled,glass,c92875466095fa299060c6d8de66c3c6,2026-08-28T17:00:36Z
20260730_161223,material_map_sam_v2,20250906_233209_R,15,7738,,labeled,glass,c92875466095fa299060c6d8de66c3c6,2026-08-28T17:00:37Z
20260730_161223,material_map_sam_v2,20250906_233209_R,16,7646,,labeled,paint,c92875466095fa299060c6d8de66c3c6,2026-08-28T17:00:39Z
20260730_161223,material_map_sam_v2,20250906_233209_R,17,6240,,labeled,paint,c92875466095fa299060c6d8de66c3c6,2026-08-28T17:00:42Z
20260730_161223,material_map_sam_v2,20250906_233209_R,18,6513,,labeled,painted_metal,c92875466095fa299060c6d8de66c3c6,2026-08-28T17:00:46Z
20260730_161223,material_map_sam_v2,20250906_233209_R,19,4322,,labeled,rubber,c92875466095fa299060c6d8de66c3c6,2026-08-28T17:00:47Z
20260730_161223,material_map_sam_v2,20250906_233209_R,20,4116,,labeled,paint,c92875466095fa299060c6d8de66c3c6,2026-08-28T17:00:48Z
20260730_161223,material_map_sam_v2,20250906_233209_R,21,4544,,labeled,painted_metal,c92875466095fa299060c6d8de66c3c6,2026-08-28T17:00:49Z
20260730_161223,material_map_sam_v2,20250906_233209_R,22,6359,,labeled,glass,c92875466095fa299060c6d8de66c3c6,2026-08-28T17:00:51Z
20260730_161223,material_map_sam_v2,20250906_233209_R,23,2999,,labeled,rubber,c92875466095fa299060c6d8de66c3c6,2026-08-28T17:00:53Z
20260730_161223,material_map_sam_v2,20250906_233209_R,24,1714,,labeled,rubber,c92875466095fa299060c6d8de66c3c6,2026-08-28T17:00:55Z
20260730_161223,material_map_sam_v2,20250906_233209_R,25,1693,,labeled,painted_metal,c92875466095fa299060c6d8de66c3c6,2026-08-28T17:00:57Z
20260730_161223,material_map_sam_v2,20250906_233214_R,0,7223,,mixed,,f614c5f59487188ad92beacefe6e9b8b,2026-08-28T17:01:00Z
20260730_161223,material_map_sam_v2,20250906_233214_R,1,185524,,labeled,paint,f614c5f59487188ad92beacefe6e9b8b,2026-08-28T17:01:01Z
20260730_161223,material_map_sam_v2,20250906_233214_R,2,416734,,labeled,rubber,f614c5f59487188ad92beacefe6e9b8b,2026-08-28T17:01:03Z
20260730_161223,material_map_sam_v2,20250906_233214_R,3,3075,,labeled,paint,f614c5f59487188ad92beacefe6e9b8b,2026-08-28T17:01:04Z
20260730_161223,material_map_sam_v2,20250906_233214_R,4,42919,,labeled,paint,f614c5f59487188ad92beacefe6e9b8b,2026-08-28T17:01:04Z
20260730_161223,material_map_sam_v2,20250906_233214_R,5,32695,,labeled,paint,f614c5f59487188ad92beacefe6e9b8b,2026-08-28T17:01:06Z
20260730_161223,material_map_sam_v2,20250906_233214_R,6,36695,,labeled,paint,f614c5f59487188ad92beacefe6e9b8b,2026-08-28T17:01:07Z
20260730_161223,material_map_sam_v2,20250906_233214_R,7,29457,,labeled,paint,f614c5f59487188ad92beacefe6e9b8b,2026-08-28T17:01:07Z
20260730_161223,material_map_sam_v2,20250906_233214_R,8,17417,,labeled,glass,f614c5f59487188ad92beacefe6e9b8b,2026-08-28T17:01:11Z
20260730_161223,material_map_sam_v2,20250906_233214_R,9,21154,,labeled,paint,f614c5f59487188ad92beacefe6e9b8b,2026-08-28T17:01:12Z
20260730_161223,material_map_sam_v2,20250906_233214_R,10,14420,,labeled,painted_metal,f614c5f59487188ad92beacefe6e9b8b,2026-08-28T17:01:12Z
20260730_161223,material_map_sam_v2,20250906_233214_R,11,12523,,labeled,paint,f614c5f59487188ad92beacefe6e9b8b,2026-08-28T17:01:15Z
20260730_161223,material_map_sam_v2,20250906_233214_R,12,17287,,labeled,painted_metal,f614c5f59487188ad92beacefe6e9b8b,2026-08-28T17:01:16Z
20260730_161223,material_map_sam_v2,20250906_233214_R,13,11244,,labeled,paint,f614c5f59487188ad92beacefe6e9b8b,2026-08-28T17:01:24Z
20260730_161223,material_map_sam_v2,20250906_233214_R,14,10800,,labeled,painted_metal,f614c5f59487188ad92beacefe6e9b8b,2026-08-28T17:01:27Z
20260730_161223,material_map_sam_v2,20250906_233214_R,15,5484,,labeled,paint,f614c5f59487188ad92beacefe6e9b8b,2026-08-28T17:01:42Z
20260730_161223,material_map_sam_v2,20250906_233214_R,16,5738,,labeled,paint,f614c5f59487188ad92beacefe6e9b8b,2026-08-28T17:01:43Z
20260730_161223,material_map_sam_v2,20250906_233214_R,17,7198,,labeled,paint,f614c5f59487188ad92beacefe6e9b8b,2026-08-28T17:01:43Z
20260730_161223,material_map_sam_v2,20250906_233214_R,18,10497,,labeled,glass,f614c5f59487188ad92beacefe6e9b8b,2026-08-28T17:01:46Z
20260730_161223,material_map_sam_v2,20250906_233214_R,19,1814,,labeled,painted_metal,f614c5f59487188ad92beacefe6e9b8b,2026-08-28T17:01:49Z
20260730_161223,material_map_sam_v2,20250906_233214_R,20,4978,,labeled,rubber,f614c5f59487188ad92beacefe6e9b8b,2026-08-28T17:02:00Z
20260730_161223,material_map_sam_v2,20250906_233214_R,21,1427,,labeled,painted_metal,f614c5f59487188ad92beacefe6e9b8b,2026-08-28T17:02:01Z
20260730_161223,material_map_sam_v2,20250906_233214_R,22,4889,,labeled,painted_metal,f614c5f59487188ad92beacefe6e9b8b,2026-08-28T17:02:01Z
20260730_161223,material_map_sam_v2,20250906_233214_R,23,4547,,labeled,glass,f614c5f59487188ad92beacefe6e9b8b,2026-08-28T17:02:03Z
20260730_161223,material_map_sam_v2,20250906_233214_R,24,4235,,labeled,glass,f614c5f59487188ad92beacefe6e9b8b,2026-08-28T17:02:03Z
20260730_161223,material_map_sam_v2,20250906_233214_R,25,4114,,labeled,paint,f614c5f59487188ad92beacefe6e9b8b,2026-08-28T17:02:04Z
20260730_161223,material_map_sam_v2,20250906_233214_R,26,4005,,labeled,rubber,f614c5f59487188ad92beacefe6e9b8b,2026-08-28T17:02:06Z
20260730_161223,material_map_sam_v2,20250906_233214_R,27,3726,,labeled,painted_metal,f614c5f59487188ad92beacefe6e9b8b,2026-08-28T17:02:07Z
20260730_161223,material_map_sam_v2,20250906_233214_R,28,2579,,labeled,paint,f614c5f59487188ad92beacefe6e9b8b,2026-08-28T17:02:08Z
20260730_161223,material_map_sam_v2,20250906_233214_R,29,2620,,labeled,paint,f614c5f59487188ad92beacefe6e9b8b,2026-08-28T17:02:09Z
20260730_161223,material_map_sam_v2,20250906_233214_R,30,1819,,labeled,painted_metal,f614c5f59487188ad92beacefe6e9b8b,2026-08-28T17:02:10Z
20260730_161223,material_map_sam_v2,20250906_233214_R,31,1598,,labeled,glass,f614c5f59487188ad92beacefe6e9b8b,2026-08-28T17:02:12Z
20260730_161223,material_map_sam_v2,20250906_233214_R,32,1573,,labeled,paint,f614c5f59487188ad92beacefe6e9b8b,2026-08-28T17:02:13Z
20260730_161223,material_map_sam_v2,20250906_233219_R,0,6160,,mixed,,85e93603370f7da1aff19ed57a01d986,2026-08-28T17:02:15Z
20260730_161223,material_map_sam_v2,20250906_233219_R,1,220305,,labeled,paint,85e93603370f7da1aff19ed57a01d986,2026-08-28T17:02:16Z
20260730_161223,material_map_sam_v2,20250906_233219_R,2,428047,,labeled,rubber,85e93603370f7da1aff19ed57a01d986,2026-08-28T17:02:17Z
20260730_161223,material_map_sam_v2,20250906_233219_R,3,418,,labeled,paint,85e93603370f7da1aff19ed57a01d986,2026-08-28T17:02:18Z
20260730_161223,material_map_sam_v2,20250906_233219_R,4,34858,,labeled,paint,85e93603370f7da1aff19ed57a01d986,2026-08-28T17:02:19Z
20260730_161223,material_map_sam_v2,20250906_233219_R,5,37724,,labeled,paint,85e93603370f7da1aff19ed57a01d986,2026-08-28T17:02:20Z
20260730_161223,material_map_sam_v2,20250906_233219_R,6,36241,,labeled,paint,85e93603370f7da1aff19ed57a01d986,2026-08-28T17:02:21Z
20260730_161223,material_map_sam_v2,20250906_233219_R,7,22257,,labeled,glass,85e93603370f7da1aff19ed57a01d986,2026-08-28T17:02:27Z
20260730_161223,material_map_sam_v2,20250906_233219_R,8,8503,,labeled,paint,85e93603370f7da1aff19ed57a01d986,2026-08-28T17:02:29Z
20260730_161223,material_map_sam_v2,20250906_233219_R,9,13793,,labeled,paint,85e93603370f7da1aff19ed57a01d986,2026-08-28T17:02:29Z
20260730_161223,material_map_sam_v2,20250906_233219_R,10,16768,,labeled,painted_metal,85e93603370f7da1aff19ed57a01d986,2026-08-28T17:02:30Z
20260730_161223,material_map_sam_v2,20250906_233219_R,11,15134,,labeled,paint,85e93603370f7da1aff19ed57a01d986,2026-08-28T17:02:31Z
20260730_161223,material_map_sam_v2,20250906_233219_R,12,15195,,labeled,painted_metal,85e93603370f7da1aff19ed57a01d986,2026-08-28T17:02:39Z
20260730_161223,material_map_sam_v2,20250906_233219_R,13,14200,,labeled,painted_metal,85e93603370f7da1aff19ed57a01d986,2026-08-28T17:02:45Z
20260730_161223,material_map_sam_v2,20250906_233219_R,14,9214,,labeled,paint,85e93603370f7da1aff19ed57a01d986,2026-08-28T17:02:46Z
20260730_161223,material_map_sam_v2,20250906_233219_R,15,11549,,labeled,painted_metal,85e93603370f7da1aff19ed57a01d986,2026-08-28T17:02:46Z
20260730_161223,material_map_sam_v2,20250906_233219_R,16,8177,,labeled,paint,85e93603370f7da1aff19ed57a01d986,2026-08-28T17:02:47Z
20260730_161223,material_map_sam_v2,20250906_233219_R,17,5058,,labeled,glass,85e93603370f7da1aff19ed57a01d986,2026-08-28T17:02:54Z
20260730_161223,material_map_sam_v2,20250906_233219_R,18,4394,,labeled,paint,85e93603370f7da1aff19ed57a01d986,2026-08-28T17:02:55Z
20260730_161223,material_map_sam_v2,20250906_233219_R,19,4049,,labeled,glass,85e93603370f7da1aff19ed57a01d986,2026-08-28T17:02:56Z
20260730_161223,material_map_sam_v2,20250906_233219_R,20,4090,,labeled,rubber,85e93603370f7da1aff19ed57a01d986,2026-08-28T17:03:05Z
20260730_161223,material_map_sam_v2,20250906_233219_R,21,3725,,labeled,painted_metal,85e93603370f7da1aff19ed57a01d986,2026-08-28T17:03:20Z
20260730_161223,material_map_sam_v2,20250906_233219_R,22,3378,,labeled,painted_metal,85e93603370f7da1aff19ed57a01d986,2026-08-28T17:03:21Z
20260730_161223,material_map_sam_v2,20250906_233219_R,23,3209,,labeled,glass,85e93603370f7da1aff19ed57a01d986,2026-08-28T17:03:35Z
20260730_161223,material_map_sam_v2,20250906_233219_R,24,2023,,labeled,glass,85e93603370f7da1aff19ed57a01d986,2026-08-28T17:03:36Z
20260730_161223,material_map_sam_v2,20250906_233219_R,25,1862,,labeled,paint,85e93603370f7da1aff19ed57a01d986,2026-08-28T17:03:37Z
20260730_161223,material_map_sam_v2,20250906_233219_R,26,1677,,labeled,paint,85e93603370f7da1aff19ed57a01d986,2026-08-28T17:03:37Z
20260730_161223,material_map_sam_v2,20250906_233224_R,0,13721,,mixed,,2f21e532bdee08a63d0dead9ddfca810,2026-08-28T17:03:39Z
20260730_161223,material_map_sam_v2,20250906_233224_R,1,413776,,labeled,rubber,2f21e532bdee08a63d0dead9ddfca810,2026-08-28T17:03:41Z
20260730_161223,material_map_sam_v2,20250906_233224_R,2,92395,,labeled,paint,2f21e532bdee08a63d0dead9ddfca810,2026-08-28T17:03:42Z
20260730_161223,material_map_sam_v2,20250906_233224_R,3,98015,,labeled,paint,2f21e532bdee08a63d0dead9ddfca810,2026-08-28T17:03:42Z
20260730_161223,material_map_sam_v2,20250906_233224_R,4,61640,,labeled,paint,2f21e532bdee08a63d0dead9ddfca810,2026-08-28T17:03:43Z
20260730_161223,material_map_sam_v2,20250906_233224_R,5,37461,,labeled,paint,2f21e532bdee08a63d0dead9ddfca810,2026-08-28T17:03:43Z
20260730_161223,material_map_sam_v2,20250906_233224_R,6,40513,,labeled,paint,2f21e532bdee08a63d0dead9ddfca810,2026-08-28T17:03:44Z
20260730_161223,material_map_sam_v2,20250906_233224_R,7,33520,,labeled,paint,2f21e532bdee08a63d0dead9ddfca810,2026-08-28T17:03:44Z
20260730_161223,material_map_sam_v2,20250906_233224_R,8,27168,,labeled,painted_metal,2f21e532bdee08a63d0dead9ddfca810,2026-08-28T17:03:47Z
20260730_161223,material_map_sam_v2,20250906_233224_R,9,20335,,labeled,painted_metal,2f21e532bdee08a63d0dead9ddfca810,2026-08-28T17:03:48Z
20260730_161223,material_map_sam_v2,20250906_233224_R,10,17926,,labeled,painted_metal,2f21e532bdee08a63d0dead9ddfca810,2026-08-28T17:03:49Z
20260730_161223,material_map_sam_v2,20250906_233224_R,11,13912,,labeled,glass,2f21e532bdee08a63d0dead9ddfca810,2026-08-28T17:03:53Z
20260730_161223,material_map_sam_v2,20250906_233224_R,12,13012,,labeled,glass,2f21e532bdee08a63d0dead9ddfca810,2026-08-28T17:03:54Z
20260730_161223,material_map_sam_v2,20250906_233224_R,13,10726,,labeled,painted_metal,2f21e532bdee08a63d0dead9ddfca810,2026-08-28T17:03:57Z
20260730_161223,material_map_sam_v2,20250906_233224_R,14,5835,,labeled,paint,2f21e532bdee08a63d0dead9ddfca810,2026-08-28T17:04:01Z
20260730_161223,material_map_sam_v2,20250906_233224_R,15,4866,,labeled,rubber,2f21e532bdee08a63d0dead9ddfca810,2026-08-28T17:04:05Z
20260730_161223,material_map_sam_v2,20250906_233224_R,16,4687,,labeled,painted_metal,2f21e532bdee08a63d0dead9ddfca810,2026-08-28T17:04:10Z
20260730_161223,material_map_sam_v2,20250906_233224_R,17,6364,,labeled,painted_metal,2f21e532bdee08a63d0dead9ddfca810,2026-08-28T17:04:10Z
20260730_161223,material_map_sam_v2,20250906_233224_R,18,3985,,labeled,paint,2f21e532bdee08a63d0dead9ddfca810,2026-08-28T17:04:14Z
20260730_161223,material_map_sam_v2,20250906_233224_R,19,3193,,labeled,paint,2f21e532bdee08a63d0dead9ddfca810,2026-08-28T17:04:18Z
20260730_161223,material_map_sam_v2,20250906_233224_R,20,2967,,labeled,paint,2f21e532bdee08a63d0dead9ddfca810,2026-08-28T17:04:19Z
20260730_161223,material_map_sam_v2,20250906_233224_R,21,2043,,labeled,painted_metal,2f21e532bdee08a63d0dead9ddfca810,2026-08-28T17:04:20Z
20260730_161223,material_map_sam_v2,20250906_233224_R,22,1820,,labeled,rubber,2f21e532bdee08a63d0dead9ddfca810,2026-08-28T17:04:21Z
20260730_161223,material_map_sam_v2,20250906_233224_R,23,2128,,labeled,paint,2f21e532bdee08a63d0dead9ddfca810,2026-08-28T17:04:22Z
20260730_161223,material_map_sam_v2,20250906_233229_R,0,5125,,mixed,,3cc6d9f1df75ec79ece5fc8919e1bb10,2026-08-28T17:04:24Z
20260730_161223,material_map_sam_v2,20250906_233229_R,1,47113,,mixed,,3cc6d9f1df75ec79ece5fc8919e1bb10,2026-08-28T17:04:29Z
20260730_161223,material_map_sam_v2,20250906_233229_R,2,406140,,labeled,rubber,3cc6d9f1df75ec79ece5fc8919e1bb10,2026-08-28T17:04:30Z
20260730_161223,material_map_sam_v2,20250906_233229_R,3,43695,,mixed,,3cc6d9f1df75ec79ece5fc8919e1bb10,2026-08-28T17:04:33Z
20260730_161223,material_map_sam_v2,20250906_233229_R,4,103173,,labeled,paint,3cc6d9f1df75ec79ece5fc8919e1bb10,2026-08-28T17:04:34Z
20260730_161223,material_map_sam_v2,20250906_233229_R,5,86042,,labeled,paint,3cc6d9f1df75ec79ece5fc8919e1bb10,2026-08-28T17:04:34Z
20260730_161223,material_map_sam_v2,20250906_233229_R,6,51696,,labeled,paint,3cc6d9f1df75ec79ece5fc8919e1bb10,2026-08-28T17:04:36Z
20260730_161223,material_map_sam_v2,20250906_233229_R,7,41956,,labeled,painted_metal,3cc6d9f1df75ec79ece5fc8919e1bb10,2026-08-28T17:04:37Z
20260730_161223,material_map_sam_v2,20250906_233229_R,8,30056,,labeled,painted_metal,3cc6d9f1df75ec79ece5fc8919e1bb10,2026-08-28T17:04:37Z
20260730_161223,material_map_sam_v2,20250906_233229_R,9,3862,,mixed,,3cc6d9f1df75ec79ece5fc8919e1bb10,2026-08-28T17:04:39Z
20260730_161223,material_map_sam_v2,20250906_233229_R,10,22942,,labeled,glass,3cc6d9f1df75ec79ece5fc8919e1bb10,2026-08-28T17:04:41Z
20260730_161223,material_map_sam_v2,20250906_233229_R,11,12354,,labeled,glass,3cc6d9f1df75ec79ece5fc8919e1bb10,2026-08-28T17:04:41Z
20260730_161223,material_map_sam_v2,20250906_233229_R,12,8162,,labeled,glass,3cc6d9f1df75ec79ece5fc8919e1bb10,2026-08-28T17:04:55Z
20260730_161223,material_map_sam_v2,20250906_233229_R,13,2941,,mixed,,3cc6d9f1df75ec79ece5fc8919e1bb10,2026-08-28T17:04:56Z
20260730_161223,material_map_sam_v2,20250906_233229_R,14,11353,,labeled,painted_metal,3cc6d9f1df75ec79ece5fc8919e1bb10,2026-08-28T17:04:57Z
20260730_161223,material_map_sam_v2,20250906_233229_R,15,8397,,labeled,painted_metal,3cc6d9f1df75ec79ece5fc8919e1bb10,2026-08-28T17:04:57Z
20260730_161223,material_map_sam_v2,20250906_233229_R,16,4833,,labeled,rubber,3cc6d9f1df75ec79ece5fc8919e1bb10,2026-08-28T17:04:58Z
20260730_161223,material_map_sam_v2,20250906_233229_R,17,4386,,labeled,painted_metal,3cc6d9f1df75ec79ece5fc8919e1bb10,2026-08-28T17:05:00Z
20260730_161223,material_map_sam_v2,20250906_233229_R,18,4716,,labeled,painted_metal,3cc6d9f1df75ec79ece5fc8919e1bb10,2026-08-28T17:05:00Z
20260730_161223,material_map_sam_v2,20250906_233229_R,19,4280,,labeled,paint,3cc6d9f1df75ec79ece5fc8919e1bb10,2026-08-28T17:05:01Z
20260730_161223,material_map_sam_v2,20250906_233229_R,20,4056,,labeled,paint,3cc6d9f1df75ec79ece5fc8919e1bb10,2026-08-28T17:05:03Z
20260730_161223,material_map_sam_v2,20250906_233229_R,21,4881,,labeled,painted_metal,3cc6d9f1df75ec79ece5fc8919e1bb10,2026-08-28T17:05:04Z
20260730_161223,material_map_sam_v2,20250906_233229_R,22,3483,,labeled,painted_metal,3cc6d9f1df75ec79ece5fc8919e1bb10,2026-08-28T17:05:09Z
20260730_161223,material_map_sam_v2,20250906_233229_R,23,3440,,labeled,rubber,3cc6d9f1df75ec79ece5fc8919e1bb10,2026-08-28T17:05:11Z
20260730_161223,material_map_sam_v2,20250906_233229_R,24,3056,,labeled,glass,3cc6d9f1df75ec79ece5fc8919e1bb10,2026-08-28T17:05:17Z
20260730_161223,material_map_sam_v2,20250906_233229_R,25,2098,,labeled,glass,3cc6d9f1df75ec79ece5fc8919e1bb10,2026-08-28T17:05:18Z
20260730_161223,material_map_sam_v2,20250906_233229_R,26,2949,,labeled,cardboard,3cc6d9f1df75ec79ece5fc8919e1bb10,2026-08-28T17:05:26Z
20260730_161223,material_map_sam_v2,20250906_233229_R,27,2693,,labeled,cardboard,3cc6d9f1df75ec79ece5fc8919e1bb10,2026-08-28T17:05:28Z
20260730_161223,material_map_sam_v2,20250906_233229_R,28,2130,,mixed,,3cc6d9f1df75ec79ece5fc8919e1bb10,2026-08-28T17:05:29Z
20260730_161223,material_map_sam_v2,20250906_233234_R,0,15253,,mixed,,866e16faad162634924afd40f045a979,2026-08-28T17:05:31Z
20260730_161223,material_map_sam_v2,20250906_233234_R,1,82943,,mixed,,866e16faad162634924afd40f045a979,2026-08-28T17:05:33Z
20260730_161223,material_map_sam_v2,20250906_233234_R,2,407785,,labeled,rubber,866e16faad162634924afd40f045a979,2026-08-28T17:05:34Z
20260730_161223,material_map_sam_v2,20250906_233234_R,3,82182,,labeled,paint,866e16faad162634924afd40f045a979,2026-08-28T17:05:35Z
20260730_161223,material_map_sam_v2,20250906_233234_R,4,55884,,labeled,paint,866e16faad162634924afd40f045a979,2026-08-28T17:05:35Z
20260730_161223,material_map_sam_v2,20250906_233234_R,5,50410,,labeled,painted_metal,866e16faad162634924afd40f045a979,2026-08-28T17:05:37Z
20260730_161223,material_map_sam_v2,20250906_233234_R,6,50945,,labeled,painted_metal,866e16faad162634924afd40f045a979,2026-08-28T17:05:38Z
20260730_161223,material_map_sam_v2,20250906_233234_R,7,45958,,labeled,paint,866e16faad162634924afd40f045a979,2026-08-28T17:05:38Z
20260730_161223,material_map_sam_v2,20250906_233234_R,8,9068,,labeled,painted_metal,866e16faad162634924afd40f045a979,2026-08-28T17:05:39Z
20260730_161223,material_map_sam_v2,20250906_233234_R,9,17540,,labeled,painted_metal,866e16faad162634924afd40f045a979,2026-08-28T17:05:40Z
20260730_161223,material_map_sam_v2,20250906_233234_R,10,16493,,labeled,paint,866e16faad162634924afd40f045a979,2026-08-28T17:05:41Z
20260730_161223,material_map_sam_v2,20250906_233234_R,11,11555,,labeled,painted_metal,866e16faad162634924afd40f045a979,2026-08-28T17:05:42Z
20260730_161223,material_map_sam_v2,20250906_233234_R,12,11720,,labeled,painted_metal,866e16faad162634924afd40f045a979,2026-08-28T17:05:43Z
20260730_161223,material_map_sam_v2,20250906_233234_R,13,4181,,labeled,painted_metal,866e16faad162634924afd40f045a979,2026-08-28T17:05:44Z
20260730_161223,material_map_sam_v2,20250906_233234_R,14,6954,,labeled,glass,866e16faad162634924afd40f045a979,2026-08-28T17:05:48Z
20260730_161223,material_map_sam_v2,20250906_233234_R,15,7320,,labeled,glass,866e16faad162634924afd40f045a979,2026-08-28T17:05:49Z
20260730_161223,material_map_sam_v2,20250906_233234_R,16,6791,,labeled,paint,866e16faad162634924afd40f045a979,2026-08-28T17:05:50Z
20260730_161223,material_map_sam_v2,20250906_233234_R,17,5943,,labeled,glass,866e16faad162634924afd40f045a979,2026-08-28T17:05:51Z
20260730_161223,material_map_sam_v2,20250906_233234_R,18,6107,,labeled,painted_metal,866e16faad162634924afd40f045a979,2026-08-28T17:05:52Z
20260730_161223,material_map_sam_v2,20250906_233234_R,19,5356,,labeled,painted_metal,866e16faad162634924afd40f045a979,2026-08-28T17:05:53Z
20260730_161223,material_map_sam_v2,20250906_233234_R,20,4372,,labeled,glass,866e16faad162634924afd40f045a979,2026-08-28T17:05:56Z
20260730_161223,material_map_sam_v2,20250906_233234_R,21,4131,,labeled,glass,866e16faad162634924afd40f045a979,2026-08-28T17:05:57Z
20260730_161223,material_map_sam_v2,20250906_233234_R,22,4283,,labeled,rubber,866e16faad162634924afd40f045a979,2026-08-28T17:06:00Z
20260730_161223,material_map_sam_v2,20250906_233234_R,23,5161,,labeled,cardboard,866e16faad162634924afd40f045a979,2026-08-28T17:06:04Z
20260730_161223,material_map_sam_v2,20250906_233234_R,24,3276,,labeled,glass,866e16faad162634924afd40f045a979,2026-08-28T17:06:13Z
20260730_161223,material_map_sam_v2,20250906_233234_R,25,3401,,labeled,rubber,866e16faad162634924afd40f045a979,2026-08-28T17:06:14Z
20260730_161223,material_map_sam_v2,20250906_233234_R,26,2715,,labeled,glass,866e16faad162634924afd40f045a979,2026-08-28T17:06:16Z
20260730_161223,material_map_sam_v2,20250906_233234_R,27,2269,,labeled,glass,866e16faad162634924afd40f045a979,2026-08-28T17:06:17Z
20260730_161223,material_map_sam_v2,20250906_233234_R,28,2012,,labeled,glass,866e16faad162634924afd40f045a979,2026-08-28T17:06:18Z
20260730_161223,material_map_sam_v2,20250906_233239_R,0,11850,,mixed,,4b1103640f6a84f5c4f8c9dc669ba071,2026-08-28T17:06:20Z
20260730_161223,material_map_sam_v2,20250906_233239_R,1,38929,,mixed,,4b1103640f6a84f5c4f8c9dc669ba071,2026-08-28T17:06:21Z
20260730_161223,material_map_sam_v2,20250906_233239_R,2,397121,,labeled,rubber,4b1103640f6a84f5c4f8c9dc669ba071,2026-08-28T17:06:23Z
20260730_161223,material_map_sam_v2,20250906_233239_R,3,9677,,mixed,,4b1103640f6a84f5c4f8c9dc669ba071,2026-08-28T17:06:24Z
20260730_161223,material_map_sam_v2,20250906_233239_R,4,45705,,labeled,paint,4b1103640f6a84f5c4f8c9dc669ba071,2026-08-28T17:06:27Z
20260730_161223,material_map_sam_v2,20250906_233239_R,5,77955,,labeled,paint,4b1103640f6a84f5c4f8c9dc669ba071,2026-08-28T17:06:28Z
20260730_161223,material_map_sam_v2,20250906_233239_R,6,67286,,labeled,painted_metal,4b1103640f6a84f5c4f8c9dc669ba071,2026-08-28T17:06:28Z
20260730_161223,material_map_sam_v2,20250906_233239_R,7,27889,,labeled,painted_metal,4b1103640f6a84f5c4f8c9dc669ba071,2026-08-28T17:06:29Z
20260730_161223,material_map_sam_v2,20250906_233239_R,8,34451,,labeled,paint,4b1103640f6a84f5c4f8c9dc669ba071,2026-08-28T17:06:31Z
20260730_161223,material_map_sam_v2,20250906_233239_R,9,34162,,labeled,paint,4b1103640f6a84f5c4f8c9dc669ba071,2026-08-28T17:06:32Z
20260730_161223,material_map_sam_v2,20250906_233239_R,10,14424,,labeled,painted_metal,4b1103640f6a84f5c4f8c9dc669ba071,2026-08-28T17:06:33Z
20260730_161223,material_map_sam_v2,20250906_233239_R,11,21903,,labeled,paint,4b1103640f6a84f5c4f8c9dc669ba071,2026-08-28T17:06:34Z
20260730_161223,material_map_sam_v2,20250906_233239_R,12,21184,,labeled,painted_metal,4b1103640f6a84f5c4f8c9dc669ba071,2026-08-28T17:06:35Z
20260730_161223,material_map_sam_v2,20250906_233239_R,13,19533,,labeled,painted_metal,4b1103640f6a84f5c4f8c9dc669ba071,2026-08-28T17:06:35Z
20260730_161223,material_map_sam_v2,20250906_233239_R,14,14387,,labeled,glass,4b1103640f6a84f5c4f8c9dc669ba071,2026-08-28T17:07:16Z
20260730_161223,material_map_sam_v2,20250906_233239_R,15,6430,,labeled,glass,4b1103640f6a84f5c4f8c9dc669ba071,2026-08-28T17:07:17Z
20260730_161223,material_map_sam_v2,20250906_233239_R,16,10734,,labeled,glass,4b1103640f6a84f5c4f8c9dc669ba071,2026-08-28T17:07:18Z
20260730_161223,material_map_sam_v2,20250906_233239_R,17,8166,,labeled,glass,4b1103640f6a84f5c4f8c9dc669ba071,2026-08-28T17:07:19Z
20260730_161223,material_map_sam_v2,20250906_233239_R,18,9590,,labeled,paint,4b1103640f6a84f5c4f8c9dc669ba071,2026-08-28T17:07:19Z
20260730_161223,material_map_sam_v2,20250906_233239_R,19,6843,,labeled,glass,4b1103640f6a84f5c4f8c9dc669ba071,2026-08-28T17:07:20Z
20260730_161223,material_map_sam_v2,20250906_233239_R,20,7604,,labeled,painted_metal,4b1103640f6a84f5c4f8c9dc669ba071,2026-08-28T17:07:23Z
20260730_161223,material_map_sam_v2,20250906_233239_R,21,6709,,labeled,rubber,4b1103640f6a84f5c4f8c9dc669ba071,2026-08-28T17:07:24Z
20260730_161223,material_map_sam_v2,20250906_233239_R,22,7912,,labeled,painted_metal,4b1103640f6a84f5c4f8c9dc669ba071,2026-08-28T17:07:26Z
20260730_161223,material_map_sam_v2,20250906_233239_R,23,5791,,labeled,paint,4b1103640f6a84f5c4f8c9dc669ba071,2026-08-28T17:07:27Z
20260730_161223,material_map_sam_v2,20250906_233239_R,24,5608,,labeled,glass,4b1103640f6a84f5c4f8c9dc669ba071,2026-08-28T17:07:28Z
20260730_161223,material_map_sam_v2,20250906_233239_R,25,5839,,labeled,cardboard,4b1103640f6a84f5c4f8c9dc669ba071,2026-08-28T17:07:30Z
20260730_161223,material_map_sam_v2,20250906_233239_R,26,3323,,labeled,glass,4b1103640f6a84f5c4f8c9dc669ba071,2026-08-28T17:07:37Z
20260730_161223,material_map_sam_v2,20250906_233239_R,27,3209,,labeled,paint,4b1103640f6a84f5c4f8c9dc669ba071,2026-08-28T17:07:38Z
20260730_161223,material_map_sam_v2,20250906_233239_R,28,3199,,labeled,painted_metal,4b1103640f6a84f5c4f8c9dc669ba071,2026-08-28T17:07:39Z
20260730_161223,material_map_sam_v2,20250906_233239_R,29,2428,,labeled,glass,4b1103640f6a84f5c4f8c9dc669ba071,2026-08-28T17:07:42Z
20260730_161223,material_map_sam_v2,20250906_233239_R,30,2167,,labeled,glass,4b1103640f6a84f5c4f8c9dc669ba071,2026-08-28T17:07:42Z
20260730_161223,material_map_sam_v2,20250906_233244_R,0,4903,,mixed,,3c6eadda6189edf08d3253aa43731eb8,2026-08-28T17:07:44Z
20260730_161223,material_map_sam_v2,20250906_233244_R,1,414724,,labeled,rubber,3c6eadda6189edf08d3253aa43731eb8,2026-08-28T17:07:47Z
20260730_161223,material_map_sam_v2,20250906_233244_R,2,63980,,mixed,,3c6eadda6189edf08d3253aa43731eb8,2026-08-28T17:07:50Z
20260730_161223,material_map_sam_v2,20250906_233244_R,3,75668,,labeled,paint,3c6eadda6189edf08d3253aa43731eb8,2026-08-28T17:07:55Z
20260730_161223,material_map_sam_v2,20250906_233244_R,4,69562,,labeled,paint,3c6eadda6189edf08d3253aa43731eb8,2026-08-28T17:07:55Z
20260730_161223,material_map_sam_v2,20250906_233244_R,5,60026,,labeled,painted_metal,3c6eadda6189edf08d3253aa43731eb8,2026-08-28T17:07:56Z
20260730_161223,material_map_sam_v2,20250906_233244_R,6,22422,,labeled,painted_metal,3c6eadda6189edf08d3253aa43731eb8,2026-08-28T17:07:57Z
20260730_161223,material_map_sam_v2,20250906_233244_R,7,30740,,labeled,paint,3c6eadda6189edf08d3253aa43731eb8,2026-08-28T17:07:58Z
20260730_161223,material_map_sam_v2,20250906_233244_R,8,26361,,labeled,paint,3c6eadda6189edf08d3253aa43731eb8,2026-08-28T17:08:02Z
20260730_161223,material_map_sam_v2,20250906_233244_R,9,11207,,labeled,glass,3c6eadda6189edf08d3253aa43731eb8,2026-08-28T17:08:04Z
20260730_161223,material_map_sam_v2,20250906_233244_R,10,19152,,labeled,painted_metal,3c6eadda6189edf08d3253aa43731eb8,2026-08-28T17:08:05Z
20260730_161223,material_map_sam_v2,20250906_233244_R,11,17391,,labeled,painted_metal,3c6eadda6189edf08d3253aa43731eb8,2026-08-28T17:08:06Z
20260730_161223,material_map_sam_v2,20250906_233244_R,12,15443,,labeled,painted_metal,3c6eadda6189edf08d3253aa43731eb8,2026-08-28T17:08:06Z
20260730_161223,material_map_sam_v2,20250906_233244_R,13,10847,,labeled,glass,3c6eadda6189edf08d3253aa43731eb8,2026-08-28T17:08:07Z
20260730_161223,material_map_sam_v2,20250906_233244_R,14,8951,,labeled,glass,3c6eadda6189edf08d3253aa43731eb8,2026-08-28T17:08:09Z
20260730_161223,material_map_sam_v2,20250906_233244_R,15,8257,,labeled,paint,3c6eadda6189edf08d3253aa43731eb8,2026-08-28T17:08:11Z
20260730_161223,material_map_sam_v2,20250906_233244_R,16,6456,,labeled,glass,3c6eadda6189edf08d3253aa43731eb8,2026-08-28T17:08:17Z
20260730_161223,material_map_sam_v2,20250906_233244_R,17,7797,,labeled,glass,3c6eadda6189edf08d3253aa43731eb8,2026-08-28T17:08:18Z
20260730_161223,material_map_sam_v2,20250906_233244_R,18,6659,,labeled,glass,3c6eadda6189edf08d3253aa43731eb8,2026-08-28T17:08:18Z
20260730_161223,material_map_sam_v2,20250906_233244_R,19,6828,,labeled,glass,3c6eadda6189edf08d3253aa43731eb8,2026-08-28T17:08:19Z
20260730_161223,material_map_sam_v2,20250906_233244_R,20,6926,,labeled,rubber,3c6eadda6189edf08d3253aa43731eb8,2026-08-28T17:08:21Z
20260730_161223,material_map_sam_v2,20250906_233244_R,21,5824,,labeled,paint,3c6eadda6189edf08d3253aa43731eb8,2026-08-28T17:08:21Z
20260730_161223,material_map_sam_v2,20250906_233244_R,22,6072,,labeled,painted_metal,3c6eadda6189edf08d3253aa43731eb8,2026-08-28T17:08:22Z
20260730_161223,material_map_sam_v2,20250906_233244_R,23,6534,,labeled,painted_metal,3c6eadda6189edf08d3253aa43731eb8,2026-08-28T17:08:23Z
20260730_161223,material_map_sam_v2,20250906_233244_R,24,5057,,labeled,cardboard,3c6eadda6189edf08d3253aa43731eb8,2026-08-28T17:08:25Z
20260730_161223,material_map_sam_v2,20250906_233244_R,25,4363,,mixed,,3c6eadda6189edf08d3253aa43731eb8,2026-08-28T17:08:30Z
20260730_161223,material_map_sam_v2,20250906_233244_R,26,3128,,labeled,glass,3c6eadda6189edf08d3253aa43731eb8,2026-08-28T17:08:35Z
20260730_161223,material_map_sam_v2,20250906_233244_R,27,2598,,labeled,painted_metal,3c6eadda6189edf08d3253aa43731eb8,2026-08-28T17:08:36Z
20260730_161223,material_map_sam_v2,20250906_233244_R,28,2479,,labeled,rubber,3c6eadda6189edf08d3253aa43731eb8,2026-08-28T17:08:42Z
20260730_161223,material_map_sam_v2,20250906_233244_R,29,1653,,labeled,glass,3c6eadda6189edf08d3253aa43731eb8,2026-08-28T17:08:44Z
20260730_161223,material_map_sam_v2,20250906_233249_R,0,9461,,mixed,,46d53dc10bad5e3b5481ba2d370b335a,2026-08-28T17:08:53Z
20260730_161223,material_map_sam_v2,20250906_233249_R,1,204315,,labeled,paint,46d53dc10bad5e3b5481ba2d370b335a,2026-08-28T17:08:54Z
20260730_161223,material_map_sam_v2,20250906_233249_R,2,380948,,labeled,rubber,46d53dc10bad5e3b5481ba2d370b335a,2026-08-28T17:08:55Z
20260730_161223,material_map_sam_v2,20250906_233249_R,3,992,,mixed,,46d53dc10bad5e3b5481ba2d370b335a,2026-08-28T17:08:58Z
20260730_161223,material_map_sam_v2,20250906_233249_R,4,28102,,labeled,painted_metal,46d53dc10bad5e3b5481ba2d370b335a,2026-08-28T17:09:04Z
20260730_161223,material_map_sam_v2,20250906_233249_R,5,46300,,labeled,paint,46d53dc10bad5e3b5481ba2d370b335a,2026-08-28T17:09:05Z
20260730_161223,material_map_sam_v2,20250906_233249_R,6,42940,,labeled,paint,46d53dc10bad5e3b5481ba2d370b335a,2026-08-28T17:09:07Z
20260730_161223,material_map_sam_v2,20250906_233249_R,7,35512,,labeled,painted_metal,46d53dc10bad5e3b5481ba2d370b335a,2026-08-28T17:09:08Z
20260730_161223,material_map_sam_v2,20250906_233249_R,8,6925,,mixed,,46d53dc10bad5e3b5481ba2d370b335a,2026-08-28T17:09:12Z
20260730_161223,material_map_sam_v2,20250906_233249_R,9,25811,,labeled,paint,46d53dc10bad5e3b5481ba2d370b335a,2026-08-28T17:09:13Z
20260730_161223,material_map_sam_v2,20250906_233249_R,10,20474,,labeled,paint,46d53dc10bad5e3b5481ba2d370b335a,2026-08-28T17:09:14Z
20260730_161223,material_map_sam_v2,20250906_233249_R,11,15997,,labeled,glass,46d53dc10bad5e3b5481ba2d370b335a,2026-08-28T17:09:16Z
20260730_161223,material_map_sam_v2,20250906_233249_R,12,18443,,labeled,painted_metal,46d53dc10bad5e3b5481ba2d370b335a,2026-08-28T17:09:17Z
20260730_161223,material_map_sam_v2,20250906_233249_R,13,15500,,labeled,painted_metal,46d53dc10bad5e3b5481ba2d370b335a,2026-08-28T17:09:20Z
20260730_161223,material_map_sam_v2,20250906_233249_R,14,11288,,labeled,glass,46d53dc10bad5e3b5481ba2d370b335a,2026-08-28T17:09:23Z
20260730_161223,material_map_sam_v2,20250906_233249_R,15,9998,,labeled,glass,46d53dc10bad5e3b5481ba2d370b335a,2026-08-28T17:09:24Z
20260730_161223,material_map_sam_v2,20250906_233249_R,16,3008,,mixed,,46d53dc10bad5e3b5481ba2d370b335a,2026-08-28T17:09:27Z
20260730_161223,material_map_sam_v2,20250906_233249_R,17,7598,,labeled,glass,46d53dc10bad5e3b5481ba2d370b335a,2026-08-28T17:09:29Z
20260730_161223,material_map_sam_v2,20250906_233249_R,18,906,,mixed,,46d53dc10bad5e3b5481ba2d370b335a,2026-08-28T17:09:32Z
20260730_161223,material_map_sam_v2,20250906_233249_R,19,6880,,labeled,glass,46d53dc10bad5e3b5481ba2d370b335a,2026-08-28T17:09:34Z
20260730_161223,material_map_sam_v2,20250906_233249_R,20,6349,,labeled,rubber,46d53dc10bad5e3b5481ba2d370b335a,2026-08-28T17:09:35Z
20260730_161223,material_map_sam_v2,20250906_233249_R,21,3354,,labeled,glass,46d53dc10bad5e3b5481ba2d370b335a,2026-08-28T17:09:40Z
20260730_161223,material_map_sam_v2,20250906_233249_R,22,5359,,labeled,paint,46d53dc10bad5e3b5481ba2d370b335a,2026-08-28T17:09:46Z
20260730_161223,material_map_sam_v2,20250906_233249_R,23,5381,,labeled,painted_metal,46d53dc10bad5e3b5481ba2d370b335a,2026-08-28T17:09:47Z
20260730_161223,material_map_sam_v2,20250906_233249_R,24,4906,,labeled,paint,46d53dc10bad5e3b5481ba2d370b335a,2026-08-28T17:09:48Z
20260730_161223,material_map_sam_v2,20250906_233249_R,25,3850,,labeled,painted_metal,46d53dc10bad5e3b5481ba2d370b335a,2026-08-28T17:09:49Z
20260730_161223,material_map_sam_v2,20250906_233249_R,26,2711,,labeled,painted_metal,46d53dc10bad5e3b5481ba2d370b335a,2026-08-28T17:09:51Z
20260730_161223,material_map_sam_v2,20250906_233249_R,27,2461,,labeled,painted_metal,46d53dc10bad5e3b5481ba2d370b335a,2026-08-28T17:09:52Z
20260730_161223,material_map_sam_v2,20250906_233249_R,28,2775,,labeled,cardboard,46d53dc10bad5e3b5481ba2d370b335a,2026-08-28T17:09:54Z
20260730_161223,material_map_sam_v2,20250906_233249_R,29,1791,,labeled,glass,46d53dc10bad5e3b5481ba2d370b335a,2026-08-28T17:09:55Z
20260730_161223,material_map_sam_v2,20250906_233249_R,30,1673,,labeled,paint,46d53dc10bad5e3b5481ba2d370b335a,2026-08-28T17:10:01Z
20260730_161223,material_map_sam_v2,20250906_233254_R,0,9445,,mixed,,3a578615e1b86e8ce29a64204b9f7056,2026-08-28T17:10:02Z
20260730_161223,material_map_sam_v2,20250906_233254_R,1,62553,,labeled,paint,3a578615e1b86e8ce29a64204b9f7056,2026-08-28T17:10:06Z
20260730_161223,material_map_sam_v2,20250906_233254_R,2,407722,,labeled,rubber,3a578615e1b86e8ce29a64204b9f7056,2026-08-28T17:10:08Z
20260730_161223,material_map_sam_v2,20250906_233254_R,3,101043,,labeled,paint,3a578615e1b86e8ce29a64204b9f7056,2026-08-28T17:10:09Z
20260730_161223,material_map_sam_v2,20250906_233254_R,4,72541,,labeled,paint,3a578615e1b86e8ce29a64204b9f7056,2026-08-28T17:10:10Z
20260730_161223,material_map_sam_v2,20250906_233254_R,5,55031,,labeled,paint,3a578615e1b86e8ce29a64204b9f7056,2026-08-28T17:10:10Z
20260730_161223,material_map_sam_v2,20250906_233254_R,6,20459,,labeled,paint,3a578615e1b86e8ce29a64204b9f7056,2026-08-28T17:10:11Z
20260730_161223,material_map_sam_v2,20250906_233254_R,7,33767,,labeled,paint,3a578615e1b86e8ce29a64204b9f7056,2026-08-28T17:10:11Z
20260730_161223,material_map_sam_v2,20250906_233254_R,8,20239,,labeled,glass,3a578615e1b86e8ce29a64204b9f7056,2026-08-28T17:10:16Z
20260730_161223,material_map_sam_v2,20250906_233254_R,9,24586,,labeled,paint,3a578615e1b86e8ce29a64204b9f7056,2026-08-28T17:10:17Z
20260730_161223,material_map_sam_v2,20250906_233254_R,10,23873,,labeled,paint,3a578615e1b86e8ce29a64204b9f7056,2026-08-28T17:10:18Z
20260730_161223,material_map_sam_v2,20250906_233254_R,11,22780,,labeled,glass,3a578615e1b86e8ce29a64204b9f7056,2026-08-28T17:10:21Z
20260730_161223,material_map_sam_v2,20250906_233254_R,12,14801,,labeled,painted_metal,3a578615e1b86e8ce29a64204b9f7056,2026-08-28T17:10:27Z
20260730_161223,material_map_sam_v2,20250906_233254_R,13,13498,,labeled,paint,3a578615e1b86e8ce29a64204b9f7056,2026-08-28T17:10:28Z
20260730_161223,material_map_sam_v2,20250906_233254_R,14,6226,,labeled,glass,3a578615e1b86e8ce29a64204b9f7056,2026-08-28T17:10:29Z
20260730_161223,material_map_sam_v2,20250906_233254_R,15,4011,,labeled,rubber,3a578615e1b86e8ce29a64204b9f7056,2026-08-28T17:10:31Z
20260730_161223,material_map_sam_v2,20250906_233254_R,16,5764,,labeled,paint,3a578615e1b86e8ce29a64204b9f7056,2026-08-28T17:10:31Z
20260730_161223,material_map_sam_v2,20250906_233254_R,17,5424,,labeled,glass,3a578615e1b86e8ce29a64204b9f7056,2026-08-28T17:10:36Z
20260730_161223,material_map_sam_v2,20250906_233254_R,18,5545,,labeled,painted_metal,3a578615e1b86e8ce29a64204b9f7056,2026-08-28T17:10:37Z
20260730_161223,material_map_sam_v2,20250906_233254_R,19,4595,,labeled,paint,3a578615e1b86e8ce29a64204b9f7056,2026-08-28T17:10:39Z
20260730_161223,material_map_sam_v2,20250906_233254_R,20,3743,,labeled,painted_metal,3a578615e1b86e8ce29a64204b9f7056,2026-08-28T17:10:41Z
20260730_161223,material_map_sam_v2,20250906_233254_R,21,3458,,labeled,paint,3a578615e1b86e8ce29a64204b9f7056,2026-08-28T17:10:49Z
20260730_161223,material_map_sam_v2,20250906_233254_R,22,3369,,labeled,rubber,3a578615e1b86e8ce29a64204b9f7056,2026-08-28T17:11:13Z
20260730_161223,material_map_sam_v2,20250906_233254_R,23,1976,,labeled,fabric,3a578615e1b86e8ce29a64204b9f7056,2026-08-28T17:11:18Z
20260730_161223,material_map_sam_v2,20250906_233254_R,24,2164,,labeled,painted_metal,3a578615e1b86e8ce29a64204b9f7056,2026-08-28T17:11:19Z
20260730_161223,material_map_sam_v2,20250906_233254_R,25,1721,,labeled,rubber,3a578615e1b86e8ce29a64204b9f7056,2026-08-28T17:11:21Z
20260730_161223,material_map_sam_v2,20250906_233254_R,26,1674,,labeled,glass,3a578615e1b86e8ce29a64204b9f7056,2026-08-28T17:11:26Z
20260730_161223,material_map_sam_v2,20250906_233259_R,0,7165,,mixed,,9e028daaf3fbb75dd808469ad2c90d13,2026-08-28T17:11:27Z
20260730_161223,material_map_sam_v2,20250906_233259_R,1,423329,,labeled,rubber,9e028daaf3fbb75dd808469ad2c90d13,2026-08-28T17:11:30Z
20260730_161223,material_map_sam_v2,20250906_233259_R,2,88063,,labeled,paint,9e028daaf3fbb75dd808469ad2c90d13,2026-08-28T17:11:33Z
20260730_161223,material_map_sam_v2,20250906_233259_R,3,105377,,labeled,paint,9e028daaf3fbb75dd808469ad2c90d13,2026-08-28T17:11:34Z
20260730_161223,material_map_sam_v2,20250906_233259_R,4,50737,,labeled,paint,9e028daaf3fbb75dd808469ad2c90d13,2026-08-28T17:11:35Z
20260730_161223,material_map_sam_v2,20250906_233259_R,5,288,,mixed,,9e028daaf3fbb75dd808469ad2c90d13,2026-08-28T17:11:37Z
20260730_161223,material_map_sam_v2,20250906_233259_R,6,47080,,labeled,paint,9e028daaf3fbb75dd808469ad2c90d13,2026-08-28T17:11:38Z
20260730_161223,material_map_sam_v2,20250906_233259_R,7,27705,,labeled,glass,9e028daaf3fbb75dd808469ad2c90d13,2026-08-28T17:11:43Z
20260730_161223,material_map_sam_v2,20250906_233259_R,8,34301,,labeled,paint,9e028daaf3fbb75dd808469ad2c90d13,2026-08-28T17:11:44Z
20260730_161223,material_map_sam_v2,20250906_233259_R,9,31663,,labeled,paint,9e028daaf3fbb75dd808469ad2c90d13,2026-08-28T17:11:46Z
20260730_161223,material_map_sam_v2,20250906_233259_R,10,18445,,labeled,paint,9e028daaf3fbb75dd808469ad2c90d13,2026-08-28T17:11:46Z
20260730_161223,material_map_sam_v2,20250906_233259_R,11,15501,,labeled,paint,9e028daaf3fbb75dd808469ad2c90d13,2026-08-28T17:11:47Z
20260730_161223,material_map_sam_v2,20250906_233259_R,12,7162,,labeled,painted_metal,9e028daaf3fbb75dd808469ad2c90d13,2026-08-28T17:11:48Z
20260730_161223,material_map_sam_v2,20250906_233259_R,13,15114,,labeled,painted_metal,9e028daaf3fbb75dd808469ad2c90d13,2026-08-28T17:11:49Z
20260730_161223,material_map_sam_v2,20250906_233259_R,14,12499,,labeled,painted_metal,9e028daaf3fbb75dd808469ad2c90d13,2026-08-28T17:11:49Z
20260730_161223,material_map_sam_v2,20250906_233259_R,15,10671,,labeled,painted_metal,9e028daaf3fbb75dd808469ad2c90d13,2026-08-28T17:11:50Z
20260730_161223,material_map_sam_v2,20250906_233259_R,16,2375,,labeled,painted_metal,9e028daaf3fbb75dd808469ad2c90d13,2026-08-28T17:11:51Z
20260730_161223,material_map_sam_v2,20250906_233259_R,17,6931,,labeled,paint,9e028daaf3fbb75dd808469ad2c90d13,2026-08-28T17:11:52Z
20260730_161223,material_map_sam_v2,20250906_233259_R,18,6071,,labeled,painted_metal,9e028daaf3fbb75dd808469ad2c90d13,2026-08-28T17:11:52Z
20260730_161223,material_map_sam_v2,20250906_233259_R,19,5884,,labeled,glass,9e028daaf3fbb75dd808469ad2c90d13,2026-08-28T17:11:55Z
20260730_161223,material_map_sam_v2,20250906_233259_R,20,4713,,labeled,rubber,9e028daaf3fbb75dd808469ad2c90d13,2026-08-28T17:11:57Z
20260730_161223,material_map_sam_v2,20250906_233259_R,21,4793,,labeled,painted_metal,9e028daaf3fbb75dd808469ad2c90d13,2026-08-28T17:11:59Z
20260730_161223,material_map_sam_v2,20250906_233259_R,22,3101,,labeled,rubber,9e028daaf3fbb75dd808469ad2c90d13,2026-08-28T17:12:00Z
20260730_161223,material_map_sam_v2,20250906_233259_R,23,1533,,labeled,rubber,9e028daaf3fbb75dd808469ad2c90d13,2026-08-28T17:12:02Z
20260730_161223,material_map_sam_v2,20250906_233259_R,24,1507,,labeled,glass,9e028daaf3fbb75dd808469ad2c90d13,2026-08-28T17:12:04Z
20260730_161223,material_map_sam_v2,20250906_233304_R,0,10729,,mixed,,9b2bf40d762924cf61a128f6b862aac4,2026-08-28T17:12:05Z
20260730_161223,material_map_sam_v2,20250906_233304_R,1,188429,,labeled,paint,9b2bf40d762924cf61a128f6b862aac4,2026-08-28T17:12:06Z
20260730_161223,material_map_sam_v2,20250906_233304_R,2,413036,,labeled,rubber,9b2bf40d762924cf61a128f6b862aac4,2026-08-28T17:12:08Z
20260730_161223,material_map_sam_v2,20250906_233304_R,3,361,,mixed,,9b2bf40d762924cf61a128f6b862aac4,2026-08-28T17:12:10Z
20260730_161223,material_map_sam_v2,20250906_233304_R,4,57692,,labeled,paint,9b2bf40d762924cf61a128f6b862aac4,2026-08-28T17:12:11Z
20260730_161223,material_map_sam_v2,20250906_233304_R,5,38897,,labeled,paint,9b2bf40d762924cf61a128f6b862aac4,2026-08-28T17:12:12Z
20260730_161223,material_map_sam_v2,20250906_233304_R,6,35016,,labeled,paint,9b2bf40d762924cf61a128f6b862aac4,2026-08-28T17:12:12Z
20260730_161223,material_map_sam_v2,20250906_233304_R,7,34616,,labeled,paint,9b2bf40d762924cf61a128f6b862aac4,2026-08-28T17:12:13Z
20260730_161223,material_map_sam_v2,20250906_233304_R,8,19326,,labeled,painted_metal,9b2bf40d762924cf61a128f6b862aac4,2026-08-28T17:12:15Z
20260730_161223,material_map_sam_v2,20250906_233304_R,9,26194,,labeled,paint,9b2bf40d762924cf61a128f6b862aac4,2026-08-28T17:12:16Z
20260730_161223,material_map_sam_v2,20250906_233304_R,10,15154,,labeled,paint,9b2bf40d762924cf61a128f6b862aac4,2026-08-28T17:12:17Z
20260730_161223,material_map_sam_v2,20250906_233304_R,11,14660,,labeled,painted_metal,9b2bf40d762924cf61a128f6b862aac4,2026-08-28T17:12:20Z
20260730_161223,material_map_sam_v2,20250906_233304_R,12,11610,,labeled,painted_metal,9b2bf40d762924cf61a128f6b862aac4,2026-08-28T17:12:21Z
20260730_161223,material_map_sam_v2,20250906_233304_R,13,11350,,labeled,glass,9b2bf40d762924cf61a128f6b862aac4,2026-08-28T17:12:24Z
20260730_161223,material_map_sam_v2,20250906_233304_R,14,10989,,labeled,painted_metal,9b2bf40d762924cf61a128f6b862aac4,2026-08-28T17:12:26Z
20260730_161223,material_map_sam_v2,20250906_233304_R,15,6416,,labeled,paint,9b2bf40d762924cf61a128f6b862aac4,2026-08-28T17:12:28Z
20260730_161223,material_map_sam_v2,20250906_233304_R,16,5708,,labeled,glass,9b2bf40d762924cf61a128f6b862aac4,2026-08-28T17:12:29Z
20260730_161223,material_map_sam_v2,20250906_233304_R,17,5339,,labeled,glass,9b2bf40d762924cf61a128f6b862aac4,2026-08-28T17:12:30Z
20260730_161223,material_map_sam_v2,20250906_233304_R,18,5505,,labeled,painted_metal,9b2bf40d762924cf61a128f6b862aac4,2026-08-28T17:12:31Z
20260730_161223,material_map_sam_v2,20250906_233304_R,19,5273,,labeled,rubber,9b2bf40d762924cf61a128f6b862aac4,2026-08-28T17:12:33Z
20260730_161223,material_map_sam_v2,20250906_233304_R,20,4072,,labeled,paint,9b2bf40d762924cf61a128f6b862aac4,2026-08-28T17:12:34Z
20260730_161223,material_map_sam_v2,20250906_233304_R,21,3805,,labeled,rubber,9b2bf40d762924cf61a128f6b862aac4,2026-08-28T17:12:34Z
20260730_161223,material_map_sam_v2,20250906_233304_R,22,2900,,labeled,glass,9b2bf40d762924cf61a128f6b862aac4,2026-08-28T17:12:37Z
20260730_161223,material_map_sam_v2,20250906_233304_R,23,2784,,labeled,painted_metal,9b2bf40d762924cf61a128f6b862aac4,2026-08-28T17:12:39Z
20260730_161223,material_map_sam_v2,20250906_233304_R,24,2147,,labeled,painted_metal,9b2bf40d762924cf61a128f6b862aac4,2026-08-28T17:12:40Z
20260730_161223,material_map_sam_v2,20250906_233309_R,0,5369,,mixed,,33b5bf9e55ecbccf5ea24eb09d791500,2026-08-28T17:12:41Z
20260730_161223,material_map_sam_v2,20250906_233309_R,1,258451,,labeled,paint,33b5bf9e55ecbccf5ea24eb09d791500,2026-08-28T17:12:42Z
20260730_161223,material_map_sam_v2,20250906_233309_R,2,416283,,labeled,rubber,33b5bf9e55ecbccf5ea24eb09d791500,2026-08-28T17:12:44Z
20260730_161223,material_map_sam_v2,20250906_233309_R,3,39195,,labeled,paint,33b5bf9e55ecbccf5ea24eb09d791500,2026-08-28T17:12:45Z
20260730_161223,material_map_sam_v2,20250906_233309_R,4,6930,,labeled,painted_metal,33b5bf9e55ecbccf5ea24eb09d791500,2026-08-28T17:12:47Z
20260730_161223,material_map_sam_v2,20250906_233309_R,5,28767,,labeled,paint,33b5bf9e55ecbccf5ea24eb09d791500,2026-08-28T17:12:48Z
20260730_161223,material_map_sam_v2,20250906_233309_R,6,20898,,labeled,painted_metal,33b5bf9e55ecbccf5ea24eb09d791500,2026-08-28T17:12:55Z
20260730_161223,material_map_sam_v2,20250906_233309_R,7,17110,,labeled,painted_metal,33b5bf9e55ecbccf5ea24eb09d791500,2026-08-28T17:12:56Z
20260730_161223,material_map_sam_v2,20250906_233309_R,8,16451,,labeled,painted_metal,33b5bf9e55ecbccf5ea24eb09d791500,2026-08-28T17:12:57Z
20260730_161223,material_map_sam_v2,20250906_233309_R,9,13535,,labeled,painted_metal,33b5bf9e55ecbccf5ea24eb09d791500,2026-08-28T17:12:57Z
20260730_161223,material_map_sam_v2,20250906_233309_R,10,13115,,labeled,glass,33b5bf9e55ecbccf5ea24eb09d791500,2026-08-28T17:13:00Z
20260730_161223,material_map_sam_v2,20250906_233309_R,11,12122,,labeled,paint,33b5bf9e55ecbccf5ea24eb09d791500,2026-08-28T17:13:00Z
20260730_161223,material_map_sam_v2,20250906_233309_R,12,11304,,labeled,painted_metal,33b5bf9e55ecbccf5ea24eb09d791500,2026-08-28T17:13:06Z
20260730_161223,material_map_sam_v2,20250906_233309_R,13,8319,,labeled,glass,33b5bf9e55ecbccf5ea24eb09d791500,2026-08-28T17:13:07Z
20260730_161223,material_map_sam_v2,20250906_233309_R,14,8071,,labeled,painted_metal,33b5bf9e55ecbccf5ea24eb09d791500,2026-08-28T17:13:08Z
20260730_161223,material_map_sam_v2,20250906_233309_R,15,7782,,labeled,painted_metal,33b5bf9e55ecbccf5ea24eb09d791500,2026-08-28T17:13:19Z
20260730_161223,material_map_sam_v2,20250906_233309_R,16,7118,,labeled,paint,33b5bf9e55ecbccf5ea24eb09d791500,2026-08-28T17:13:20Z
20260730_161223,material_map_sam_v2,20250906_233309_R,17,5366,,labeled,glass,33b5bf9e55ecbccf5ea24eb09d791500,2026-08-28T17:13:21Z
20260730_161223,material_map_sam_v2,20250906_233309_R,18,2637,,labeled,glass,33b5bf9e55ecbccf5ea24eb09d791500,2026-08-28T17:13:24Z
20260730_161223,material_map_sam_v2,20250906_233309_R,19,4241,,labeled,glass,33b5bf9e55ecbccf5ea24eb09d791500,2026-08-28T17:13:25Z
20260730_161223,material_map_sam_v2,20250906_233309_R,20,3925,,labeled,glass,33b5bf9e55ecbccf5ea24eb09d791500,2026-08-28T17:13:25Z
20260730_161223,material_map_sam_v2,20250906_233309_R,21,3539,,labeled,rubber,33b5bf9e55ecbccf5ea24eb09d791500,2026-08-28T17:13:28Z
20260730_161223,material_map_sam_v2,20250906_233309_R,22,3195,,labeled,glass,33b5bf9e55ecbccf5ea24eb09d791500,2026-08-28T17:13:31Z
20260730_161223,material_map_sam_v2,20250906_233309_R,23,3516,,labeled,painted_metal,33b5bf9e55ecbccf5ea24eb09d791500,2026-08-28T17:13:35Z
20260730_161223,material_map_sam_v2,20250906_233309_R,24,3169,,labeled,rubber,33b5bf9e55ecbccf5ea24eb09d791500,2026-08-28T17:13:36Z
20260730_161223,material_map_sam_v2,20250906_233309_R,25,2746,,labeled,painted_metal,33b5bf9e55ecbccf5ea24eb09d791500,2026-08-28T17:13:38Z
20260730_161223,material_map_sam_v2,20250906_233309_R,26,3387,,mixed,,33b5bf9e55ecbccf5ea24eb09d791500,2026-08-28T17:13:40Z
20260730_161223,material_map_sam_v2,20250906_233309_R,27,1836,,labeled,glass,33b5bf9e55ecbccf5ea24eb09d791500,2026-08-28T17:13:42Z
20260730_161223,material_map_sam_v2,20250906_233309_R,28,1802,,labeled,painted_metal,33b5bf9e55ecbccf5ea24eb09d791500,2026-08-28T17:13:47Z
20260730_161223,material_map_sam_v2,20250906_233309_R,29,1829,,labeled,glass,33b5bf9e55ecbccf5ea24eb09d791500,2026-08-28T17:13:49Z
20260730_161223,material_map_sam_v2,20250906_233314_R,0,13874,,mixed,,3dd386d660b5906f85b832e64c449090,2026-08-28T17:13:50Z
20260730_161223,material_map_sam_v2,20250906_233314_R,1,159372,,labeled,paint,3dd386d660b5906f85b832e64c449090,2026-08-28T17:13:52Z
20260730_161223,material_map_sam_v2,20250906_233314_R,2,418559,,labeled,rubber,3dd386d660b5906f85b832e64c449090,2026-08-28T17:13:53Z
20260730_161223,material_map_sam_v2,20250906_233314_R,3,54535,,labeled,paint,3dd386d660b5906f85b832e64c449090,2026-08-28T17:13:54Z
20260730_161223,material_map_sam_v2,20250906_233314_R,4,53755,,labeled,paint,3dd386d660b5906f85b832e64c449090,2026-08-28T17:13:55Z
20260730_161223,material_map_sam_v2,20250906_233314_R,5,35393,,labeled,paint,3dd386d660b5906f85b832e64c449090,2026-08-28T17:13:55Z
20260730_161223,material_map_sam_v2,20250906_233314_R,6,35048,,labeled,painted_metal,3dd386d660b5906f85b832e64c449090,2026-08-28T17:13:56Z
20260730_161223,material_map_sam_v2,20250906_233314_R,7,6474,,labeled,glass,3dd386d660b5906f85b832e64c449090,2026-08-28T17:13:58Z
20260730_161223,material_map_sam_v2,20250906_233314_R,8,1965,,mixed,,3dd386d660b5906f85b832e64c449090,2026-08-28T17:14:00Z
20260730_161223,material_map_sam_v2,20250906_233314_R,9,18081,,labeled,glass,3dd386d660b5906f85b832e64c449090,2026-08-28T17:14:02Z
20260730_161223,material_map_sam_v2,20250906_233314_R,10,8804,,mixed,,3dd386d660b5906f85b832e64c449090,2026-08-28T17:14:05Z
20260730_161223,material_map_sam_v2,20250906_233314_R,11,12545,,labeled,glass,3dd386d660b5906f85b832e64c449090,2026-08-28T17:14:07Z
20260730_161223,material_map_sam_v2,20250906_233314_R,12,11965,,labeled,glass,3dd386d660b5906f85b832e64c449090,2026-08-28T17:14:08Z
20260730_161223,material_map_sam_v2,20250906_233314_R,13,11585,,labeled,glass,3dd386d660b5906f85b832e64c449090,2026-08-28T17:14:09Z
20260730_161223,material_map_sam_v2,20250906_233314_R,14,11301,,labeled,paint,3dd386d660b5906f85b832e64c449090,2026-08-28T17:14:10Z
20260730_161223,material_map_sam_v2,20250906_233314_R,15,8956,,labeled,painted_metal,3dd386d660b5906f85b832e64c449090,2026-08-28T17:14:11Z
20260730_161223,material_map_sam_v2,20250906_233314_R,16,9114,,labeled,glass,3dd386d660b5906f85b832e64c449090,2026-08-28T17:14:12Z
20260730_161223,material_map_sam_v2,20250906_233314_R,17,6444,,labeled,painted_metal,3dd386d660b5906f85b832e64c449090,2026-08-28T17:14:13Z
20260730_161223,material_map_sam_v2,20250906_233314_R,18,6052,,labeled,paint,3dd386d660b5906f85b832e64c449090,2026-08-28T17:14:14Z
20260730_161223,material_map_sam_v2,20250906_233314_R,19,5566,,labeled,paint,3dd386d660b5906f85b832e64c449090,2026-08-28T17:14:15Z
20260730_161223,material_map_sam_v2,20250906_233314_R,20,5335,,labeled,painted_metal,3dd386d660b5906f85b832e64c449090,2026-08-28T17:14:18Z
20260730_161223,material_map_sam_v2,20250906_233314_R,21,5215,,labeled,glass,3dd386d660b5906f85b832e64c449090,2026-08-28T17:14:19Z
20260730_161223,material_map_sam_v2,20250906_233314_R,22,4735,,labeled,glass,3dd386d660b5906f85b832e64c449090,2026-08-28T17:14:25Z
20260730_161223,material_map_sam_v2,20250906_233314_R,23,4113,,labeled,glass,3dd386d660b5906f85b832e64c449090,2026-08-28T17:14:26Z
20260730_161223,material_map_sam_v2,20250906_233314_R,24,4015,,labeled,glass,3dd386d660b5906f85b832e64c449090,2026-08-28T17:14:28Z
20260730_161223,material_map_sam_v2,20250906_233314_R,25,4996,,labeled,painted_metal,3dd386d660b5906f85b832e64c449090,2026-08-28T17:14:29Z
20260730_161223,material_map_sam_v2,20250906_233314_R,26,3537,,labeled,paint,3dd386d660b5906f85b832e64c449090,2026-08-28T17:14:32Z
20260730_161223,material_map_sam_v2,20250906_233314_R,27,3342,,labeled,painted_metal,3dd386d660b5906f85b832e64c449090,2026-08-28T17:14:35Z
20260730_161223,material_map_sam_v2,20250906_233314_R,28,3121,,labeled,glass,3dd386d660b5906f85b832e64c449090,2026-08-28T17:14:37Z
20260730_161223,material_map_sam_v2,20250906_233314_R,29,2207,,labeled,paint,3dd386d660b5906f85b832e64c449090,2026-08-28T17:14:39Z
20260730_161223,material_map_sam_v2,20250906_233314_R,30,2004,,mixed,,3dd386d660b5906f85b832e64c449090,2026-08-28T17:14:40Z
20260730_161223,material_map_sam_v2,20250906_233319_R,0,422233,,labeled,rubber,71ece3cb4c9de77de332529512524054,2026-08-28T17:14:43Z
20260730_161223,material_map_sam_v2,20250906_233319_R,1,69025,,labeled,paint,71ece3cb4c9de77de332529512524054,2026-08-28T17:14:45Z
20260730_161223,material_map_sam_v2,20250906_233319_R,2,100160,,labeled,paint,71ece3cb4c9de77de332529512524054,2026-08-28T17:14:46Z
20260730_161223,material_map_sam_v2,20250906_233319_R,3,44659,,labeled,painted_metal,71ece3cb4c9de77de332529512524054,2026-08-28T17:14:48Z
20260730_161223,material_map_sam_v2,20250906_233319_R,4,11055,,mixed,,71ece3cb4c9de77de332529512524054,2026-08-28T17:14:49Z
20260730_161223,material_map_sam_v2,20250906_233319_R,5,38444,,labeled,painted_metal,71ece3cb4c9de77de332529512524054,2026-08-28T17:14:51Z
20260730_161223,material_map_sam_v2,20250906_233319_R,6,25762,,labeled,paint,71ece3cb4c9de77de332529512524054,2026-08-28T17:15:31Z
20260730_161223,material_map_sam_v2,20250906_233319_R,7,20647,,labeled,paint,71ece3cb4c9de77de332529512524054,2026-08-28T17:15:32Z
20260730_161223,material_map_sam_v2,20250906_233319_R,8,24748,,labeled,paint,71ece3cb4c9de77de332529512524054,2026-08-28T17:15:32Z
20260730_161223,material_map_sam_v2,20250906_233319_R,9,24209,,labeled,paint,71ece3cb4c9de77de332529512524054,2026-08-28T17:15:33Z
20260730_161223,material_map_sam_v2,20250906_233319_R,10,1641,,mixed,,71ece3cb4c9de77de332529512524054,2026-08-28T17:15:38Z
20260730_161223,material_map_sam_v2,20250906_233319_R,11,13663,,mixed,,71ece3cb4c9de77de332529512524054,2026-08-28T17:15:41Z
20260730_161223,material_map_sam_v2,20250906_233319_R,12,3208,,mixed,,71ece3cb4c9de77de332529512524054,2026-08-28T17:15:42Z
20260730_161223,material_map_sam_v2,20250906_233319_R,13,13549,,labeled,glass,71ece3cb4c9de77de332529512524054,2026-08-28T17:15:44Z
20260730_161223,material_map_sam_v2,20250906_233319_R,14,12060,,labeled,painted_metal,71ece3cb4c9de77de332529512524054,2026-08-28T17:15:45Z
20260730_161223,material_map_sam_v2,20250906_233319_R,15,10870,,labeled,glass,71ece3cb4c9de77de332529512524054,2026-08-28T17:15:46Z
20260730_161223,material_map_sam_v2,20250906_233319_R,16,3395,,labeled,painted_metal,71ece3cb4c9de77de332529512524054,2026-08-28T17:15:47Z
20260730_161223,material_map_sam_v2,20250906_233319_R,17,7945,,labeled,glass,71ece3cb4c9de77de332529512524054,2026-08-28T17:15:48Z
20260730_161223,material_map_sam_v2,20250906_233319_R,18,7418,,labeled,painted_metal,71ece3cb4c9de77de332529512524054,2026-08-28T17:15:50Z
20260730_161223,material_map_sam_v2,20250906_233319_R,19,7117,,labeled,paint,71ece3cb4c9de77de332529512524054,2026-08-28T17:15:51Z
20260730_161223,material_map_sam_v2,20250906_233319_R,20,5794,,labeled,glass,71ece3cb4c9de77de332529512524054,2026-08-28T17:15:53Z
20260730_161223,material_map_sam_v2,20250906_233319_R,21,5569,,labeled,paint,71ece3cb4c9de77de332529512524054,2026-08-28T17:15:54Z
20260730_161223,material_map_sam_v2,20250906_233319_R,22,5412,,labeled,painted_metal,71ece3cb4c9de77de332529512524054,2026-08-28T17:15:55Z
20260730_161223,material_map_sam_v2,20250906_233319_R,23,2021,,labeled,painted_metal,71ece3cb4c9de77de332529512524054,2026-08-28T17:15:56Z
20260730_161223,material_map_sam_v2,20250906_233319_R,24,5064,,labeled,painted_metal,71ece3cb4c9de77de332529512524054,2026-08-28T17:15:57Z
20260730_161223,material_map_sam_v2,20250906_233319_R,25,4680,,labeled,paint,71ece3cb4c9de77de332529512524054,2026-08-28T17:15:58Z
20260730_161223,material_map_sam_v2,20250906_233319_R,26,4276,,labeled,glass,71ece3cb4c9de77de332529512524054,2026-08-28T17:16:01Z
20260730_161223,material_map_sam_v2,20250906_233319_R,27,4305,,labeled,glass,71ece3cb4c9de77de332529512524054,2026-08-28T17:16:02Z
20260730_161223,material_map_sam_v2,20250906_233319_R,28,4227,,labeled,glass,71ece3cb4c9de77de332529512524054,2026-08-28T17:16:02Z
20260730_161223,material_map_sam_v2,20250906_233319_R,29,4163,,labeled,glass,71ece3cb4c9de77de332529512524054,2026-08-28T17:16:03Z
20260730_161223,material_map_sam_v2,20250906_233319_R,30,3921,,labeled,glass,71ece3cb4c9de77de332529512524054,2026-08-28T17:16:04Z
20260730_161223,material_map_sam_v2,20250906_233319_R,31,3660,,labeled,painted_metal,71ece3cb4c9de77de332529512524054,2026-08-28T17:16:05Z
20260730_161223,material_map_sam_v2,20250906_233319_R,32,3529,,labeled,painted_metal,71ece3cb4c9de77de332529512524054,2026-08-28T17:16:06Z
20260730_161223,material_map_sam_v2,20250906_233319_R,33,2987,,labeled,glass,71ece3cb4c9de77de332529512524054,2026-08-28T17:16:07Z
20260730_161223,material_map_sam_v2,20250906_233319_R,34,2716,,labeled,painted_metal,71ece3cb4c9de77de332529512524054,2026-08-28T17:16:08Z
20260730_161223,material_map_sam_v2,20250906_233319_R,35,6049,,mixed,,71ece3cb4c9de77de332529512524054,2026-08-28T17:16:09Z
20260730_161223,material_map_sam_v2,20250906_233319_R,36,1827,,labeled,painted_metal,71ece3cb4c9de77de332529512524054,2026-08-28T17:16:11Z
